instance_id,name,value
PI-000001,prNo,PR-000001
PI-000001,materialCode,MAT-00035
PI-000001,amount,39448.12
PI-000002,prNo,PR-000001
PI-000002,poNo,PO-000001
PI-000002,amount,85573.08
PI-000002,supplierCode,SUP-011
PI-000003,poNo,PO-000001
PI-000003,grNo,GR-000001
PI-000003,materialCode,MAT-00035
PI-000004,poNo,PO-000001
PI-000004,invoiceNo,INV-000001
PI-000004,amount,85523.15
PI-000005,prNo,PR-000001
PI-000005,poNo,PO-000002
PI-000005,amount,49979.72
PI-000005,supplierCode,SUP-002
PI-000006,poNo,PO-000002
PI-000006,grNo,GR-000002
PI-000006,materialCode,MAT-00031
PI-000007,poNo,PO-000002
PI-000007,grNo,GR-000003
PI-000007,materialCode,MAT-00031
PI-000008,poNo,PO-000002
PI-000008,invoiceNo,INV-000002
PI-000008,amount,49508.84
PI-000009,prNo,PR-000002
PI-000009,materialCode,MAT-00052
PI-000009,amount,32545.21
PI-000010,prNo,PR-000002
PI-000010,poNo,PO-000003
PI-000010,amount,186169.13
PI-000010,supplierCode,SUP-006
PI-000011,poNo,PO-000003
PI-000011,grNo,GR-000004
PI-000011,materialCode,MAT-00013
PI-000012,poNo,PO-000003
PI-000012,invoiceNo,INV-000003
PI-000012,amount,185983.98
PI-000013,prNo,PR-000003
PI-000013,materialCode,MAT-00032
PI-000013,amount,33264.5
PI-000014,prNo,PR-000003
PI-000014,poNo,PO-000004
PI-000014,amount,41647.08
PI-000014,supplierCode,SUP-007
PI-000015,poNo,PO-000004
PI-000015,grNo,GR-000005
PI-000015,materialCode,MAT-00032
PI-000016,poNo,PO-000004
PI-000016,invoiceNo,INV-000004
PI-000016,amount,42005.27
PI-000017,prNo,PR-000003
PI-000017,poNo,PO-000005
PI-000017,amount,91667.22
PI-000017,supplierCode,SUP-002
PI-000018,poNo,PO-000005
PI-000018,grNo,GR-000006
PI-000018,materialCode,MAT-00025
PI-000019,poNo,PO-000005
PI-000019,grNo,GR-000007
PI-000019,materialCode,MAT-00032
PI-000020,poNo,PO-000005
PI-000020,invoiceNo,INV-000005
PI-000020,amount,90146.21
PI-000021,prNo,PR-000004
PI-000021,materialCode,MAT-00028
PI-000021,amount,13342.76
PI-000022,prNo,PR-000004
PI-000022,poNo,PO-000006
PI-000022,amount,100341.72
PI-000022,supplierCode,SUP-011
PI-000023,poNo,PO-000006
PI-000023,grNo,GR-000008
PI-000023,materialCode,MAT-00049
PI-000024,poNo,PO-000006
PI-000024,invoiceNo,INV-000006
PI-000024,amount,100230.22
PI-000025,prNo,PR-000005
PI-000025,materialCode,MAT-00032
PI-000025,amount,1184.72
PI-000026,prNo,PR-000005
PI-000026,poNo,PO-000007
PI-000026,amount,51877.79
PI-000026,supplierCode,SUP-010
PI-000027,poNo,PO-000007
PI-000027,grNo,GR-000009
PI-000027,materialCode,MAT-00032
PI-000028,poNo,PO-000007
PI-000028,invoiceNo,INV-000007
PI-000028,amount,52336.24
PI-000029,prNo,PR-000006
PI-000029,materialCode,MAT-00008
PI-000029,amount,35977.13
PI-000030,prNo,PR-000006
PI-000030,poNo,PO-000008
PI-000030,amount,68313.46
PI-000030,supplierCode,SUP-008
PI-000031,poNo,PO-000008
PI-000031,grNo,GR-000010
PI-000031,materialCode,MAT-00024
PI-000032,poNo,PO-000008
PI-000032,grNo,GR-000011
PI-000032,materialCode,MAT-00044
PI-000033,poNo,PO-000008
PI-000033,invoiceNo,INV-000008
PI-000033,amount,68181.08
PI-000034,prNo,PR-000006
PI-000034,poNo,PO-000009
PI-000034,amount,157688.33
PI-000034,supplierCode,SUP-009
PI-000035,poNo,PO-000009
PI-000035,grNo,GR-000012
PI-000035,materialCode,MAT-00055
PI-000036,poNo,PO-000009
PI-000036,grNo,GR-000013
PI-000036,materialCode,MAT-00008
PI-000037,poNo,PO-000009
PI-000037,invoiceNo,INV-000009
PI-000037,amount,157085.47
PI-000038,prNo,PR-000007
PI-000038,materialCode,MAT-00049
PI-000038,amount,88842.11
PI-000039,prNo,PR-000007
PI-000039,poNo,PO-000010
PI-000039,amount,17016.5
PI-000039,supplierCode,SUP-001
PI-000040,poNo,PO-000010
PI-000040,grNo,GR-000014
PI-000040,materialCode,MAT-00049
PI-000041,poNo,PO-000010
PI-000041,invoiceNo,INV-000010
PI-000041,amount,16869.58
PI-000042,prNo,PR-000008
PI-000042,materialCode,MAT-00012
PI-000042,amount,110619.22
PI-000043,prNo,PR-000008
PI-000043,poNo,PO-000011
PI-000043,amount,116945.8
PI-000043,supplierCode,SUP-009
PI-000044,poNo,PO-000011
PI-000044,grNo,GR-000015
PI-000044,materialCode,MAT-00012
PI-000045,poNo,PO-000011
PI-000045,grNo,GR-000016
PI-000045,materialCode,MAT-00012
PI-000046,poNo,PO-000011
PI-000046,invoiceNo,INV-000011
PI-000046,amount,115091.81
PI-000047,prNo,PR-000009
PI-000047,materialCode,MAT-00022
PI-000047,amount,19537.85
PI-000048,prNo,PR-000009
PI-000048,poNo,PO-000012
PI-000048,amount,86521.06
PI-000048,supplierCode,SUP-011
PI-000049,poNo,PO-000012
PI-000049,grNo,GR-000017
PI-000049,materialCode,MAT-00002
PI-000050,poNo,PO-000012
PI-000050,invoiceNo,INV-000012
PI-000050,amount,52710.53
PI-000051,poNo,PO-000012
PI-000051,invoiceNo,INV-000013
PI-000051,amount,34803.6
PI-000052,prNo,PR-000009
PI-000052,poNo,PO-000013
PI-000052,amount,15333.18
PI-000052,supplierCode,SUP-009
PI-000053,poNo,PO-000013
PI-000053,grNo,GR-000018
PI-000053,materialCode,MAT-00022
PI-000054,poNo,PO-000013
PI-000054,invoiceNo,INV-000014
PI-000054,amount,9201.47
PI-000055,poNo,PO-000013
PI-000055,invoiceNo,INV-000015
PI-000055,amount,6231.1
PI-000056,prNo,PR-000010
PI-000056,materialCode,MAT-00044
PI-000056,amount,137960.55
PI-000057,prNo,PR-000010
PI-000057,poNo,PO-000014
PI-000057,amount,149712.41
PI-000057,supplierCode,SUP-005
PI-000058,poNo,PO-000014
PI-000058,grNo,GR-000019
PI-000058,materialCode,MAT-00044
PI-000059,poNo,PO-000014
PI-000059,grNo,GR-000020
PI-000059,materialCode,MAT-00045
PI-000060,poNo,PO-000014
PI-000060,invoiceNo,INV-000016
PI-000060,amount,150206.23
PI-000061,prNo,PR-000011
PI-000061,materialCode,MAT-00029
PI-000061,amount,16518.91
PI-000062,prNo,PR-000011
PI-000062,poNo,PO-000015
PI-000062,amount,286995.36
PI-000062,supplierCode,SUP-003
PI-000063,poNo,PO-000015
PI-000063,grNo,GR-000021
PI-000063,materialCode,MAT-00059
PI-000064,poNo,PO-000015
PI-000064,invoiceNo,INV-000017
PI-000064,amount,282968.44
PI-000065,prNo,PR-000012
PI-000065,materialCode,MAT-00024
PI-000065,amount,93534.32
PI-000066,prNo,PR-000012
PI-000066,poNo,PO-000016
PI-000066,amount,180869.76
PI-000066,supplierCode,SUP-003
PI-000067,poNo,PO-000016
PI-000067,grNo,GR-000022
PI-000067,materialCode,MAT-00024
PI-000068,poNo,PO-000016
PI-000068,invoiceNo,INV-000018
PI-000068,amount,106392.44
PI-000069,poNo,PO-000016
PI-000069,invoiceNo,INV-000019
PI-000069,amount,72624.59
PI-000070,prNo,PR-000013
PI-000070,materialCode,MAT-00039
PI-000070,amount,97306.78
PI-000071,prNo,PR-000013
PI-000071,poNo,PO-000017
PI-000071,amount,225082.68
PI-000071,supplierCode,SUP-001
PI-000072,poNo,PO-000017
PI-000072,grNo,GR-000023
PI-000072,materialCode,MAT-00025
PI-000073,poNo,PO-000017
PI-000073,invoiceNo,INV-000020
PI-000073,amount,225651.87
PI-000074,prNo,PR-000014
PI-000074,materialCode,MAT-00034
PI-000074,amount,20272.05
PI-000075,prNo,PR-000014
PI-000075,poNo,PO-000018
PI-000075,amount,114600.91
PI-000075,supplierCode,SUP-011
PI-000076,poNo,PO-000018
PI-000076,grNo,GR-000024
PI-000076,materialCode,MAT-00026
PI-000077,poNo,PO-000018
PI-000077,grNo,GR-000025
PI-000077,materialCode,MAT-00026
PI-000078,poNo,PO-000018
PI-000078,invoiceNo,INV-000021
PI-000078,amount,114546.11
PI-000079,prNo,PR-000015
PI-000079,materialCode,MAT-00021
PI-000079,amount,67181.28
PI-000080,prNo,PR-000015
PI-000080,poNo,PO-000019
PI-000080,amount,99432.44
PI-000080,supplierCode,SUP-003
PI-000081,poNo,PO-000019
PI-000081,grNo,GR-000026
PI-000081,materialCode,MAT-00021
PI-000082,poNo,PO-000019
PI-000082,invoiceNo,INV-000022
PI-000082,amount,60663.95
PI-000083,poNo,PO-000019
PI-000083,invoiceNo,INV-000023
PI-000083,amount,40321.6
PI-000084,prNo,PR-000016
PI-000084,materialCode,MAT-00045
PI-000084,amount,36249.34
PI-000085,prNo,PR-000016
PI-000085,poNo,PO-000020
PI-000085,amount,35177.8
PI-000085,supplierCode,SUP-005
PI-000086,poNo,PO-000020
PI-000086,grNo,GR-000027
PI-000086,materialCode,MAT-00045
PI-000087,poNo,PO-000020
PI-000087,grNo,GR-000028
PI-000087,materialCode,MAT-00045
PI-000088,poNo,PO-000020
PI-000088,invoiceNo,INV-000024
PI-000088,amount,35592.68
PI-000089,prNo,PR-000017
PI-000089,materialCode,MAT-00035
PI-000089,amount,12554.74
PI-000090,prNo,PR-000017
PI-000090,poNo,PO-000021
PI-000090,amount,286089.42
PI-000090,supplierCode,SUP-007
PI-000091,poNo,PO-000021
PI-000091,grNo,GR-000029
PI-000091,materialCode,MAT-00015
PI-000092,poNo,PO-000021
PI-000092,invoiceNo,INV-000025
PI-000092,amount,281528.34
PI-000093,prNo,PR-000018
PI-000093,materialCode,MAT-00054
PI-000093,amount,31747.75
PI-000094,prNo,PR-000018
PI-000094,poNo,PO-000022
PI-000094,amount,55554.52
PI-000094,supplierCode,SUP-011
PI-000095,poNo,PO-000022
PI-000095,grNo,GR-000030
PI-000095,materialCode,MAT-00029
PI-000096,poNo,PO-000022
PI-000096,invoiceNo,INV-000026
PI-000096,amount,33852.13
PI-000097,poNo,PO-000022
PI-000097,invoiceNo,INV-000027
PI-000097,amount,21931.8
PI-000098,prNo,PR-000019
PI-000098,materialCode,MAT-00031
PI-000098,amount,17848.29
PI-000099,prNo,PR-000019
PI-000099,poNo,PO-000023
PI-000099,amount,210442.62
PI-000099,supplierCode,SUP-011
PI-000100,poNo,PO-000023
PI-000100,grNo,GR-000031
PI-000100,materialCode,MAT-00054
PI-000101,poNo,PO-000023
PI-000101,invoiceNo,INV-000028
PI-000101,amount,213569.23
PI-000102,prNo,PR-000020
PI-000102,materialCode,MAT-00009
PI-000102,amount,56610.59
PI-000103,prNo,PR-000020
PI-000103,poNo,PO-000024
PI-000103,amount,197545.58
PI-000103,supplierCode,SUP-006
PI-000104,poNo,PO-000024
PI-000104,grNo,GR-000032
PI-000104,materialCode,MAT-00015
PI-000105,poNo,PO-000024
PI-000105,invoiceNo,INV-000029
PI-000105,amount,196642.52
PI-000106,prNo,PR-000021
PI-000106,materialCode,MAT-00029
PI-000106,amount,54318.98
PI-000107,prNo,PR-000021
PI-000107,poNo,PO-000025
PI-000107,amount,184430.68
PI-000107,supplierCode,SUP-012
PI-000108,poNo,PO-000025
PI-000108,grNo,GR-000033
PI-000108,materialCode,MAT-00001
PI-000109,poNo,PO-000025
PI-000109,invoiceNo,INV-000030
PI-000109,amount,183271.41
PI-000110,prNo,PR-000022
PI-000110,materialCode,MAT-00045
PI-000110,amount,13613.17
PI-000111,prNo,PR-000022
PI-000111,poNo,PO-000026
PI-000111,amount,29143.23
PI-000111,supplierCode,SUP-002
PI-000112,poNo,PO-000026
PI-000112,grNo,GR-000034
PI-000112,materialCode,MAT-00008
PI-000113,poNo,PO-000026
PI-000113,invoiceNo,INV-000031
PI-000113,amount,29678.18
PI-000114,prNo,PR-000023
PI-000114,materialCode,MAT-00036
PI-000114,amount,8900.94
PI-000115,prNo,PR-000023
PI-000115,poNo,PO-000027
PI-000115,amount,203925.89
PI-000115,supplierCode,SUP-007
PI-000116,poNo,PO-000027
PI-000116,grNo,GR-000035
PI-000116,materialCode,MAT-00001
PI-000117,poNo,PO-000027
PI-000117,grNo,GR-000036
PI-000117,materialCode,MAT-00044
PI-000118,poNo,PO-000027
PI-000118,invoiceNo,INV-000032
PI-000118,amount,206170.68
PI-000119,prNo,PR-000024
PI-000119,materialCode,MAT-00057
PI-000119,amount,3897.66
PI-000120,prNo,PR-000024
PI-000120,poNo,PO-000028
PI-000120,amount,17299.2
PI-000120,supplierCode,SUP-010
PI-000121,poNo,PO-000028
PI-000121,grNo,GR-000037
PI-000121,materialCode,MAT-00057
PI-000122,poNo,PO-000028
PI-000122,invoiceNo,INV-000033
PI-000122,amount,10227.52
PI-000123,poNo,PO-000028
PI-000123,invoiceNo,INV-000034
PI-000123,amount,6819.5
PI-000124,prNo,PR-000025
PI-000124,materialCode,MAT-00013
PI-000124,amount,5683.4
PI-000125,prNo,PR-000025
PI-000125,poNo,PO-000029
PI-000125,amount,9347.62
PI-000125,supplierCode,SUP-007
PI-000126,poNo,PO-000029
PI-000126,grNo,GR-000038
PI-000126,materialCode,MAT-00013
PI-000127,poNo,PO-000029
PI-000127,invoiceNo,INV-000035
PI-000127,amount,9261.28
PI-000128,prNo,PR-000026
PI-000128,materialCode,MAT-00003
PI-000128,amount,37524.22
PI-000129,prNo,PR-000026
PI-000129,poNo,PO-000030
PI-000129,amount,23077.12
PI-000129,supplierCode,SUP-004
PI-000130,poNo,PO-000030
PI-000130,grNo,GR-000039
PI-000130,materialCode,MAT-00052
PI-000131,poNo,PO-000030
PI-000131,invoiceNo,INV-000036
PI-000131,amount,23498.6
PI-000132,prNo,PR-000027
PI-000132,materialCode,MAT-00001
PI-000132,amount,87903.5
PI-000133,prNo,PR-000027
PI-000133,poNo,PO-000031
PI-000133,amount,151413.55
PI-000133,supplierCode,SUP-009
PI-000134,poNo,PO-000031
PI-000134,grNo,GR-000040
PI-000134,materialCode,MAT-00001
PI-000135,poNo,PO-000031
PI-000135,invoiceNo,INV-000037
PI-000135,amount,151675.14
PI-000136,prNo,PR-000028
PI-000136,materialCode,MAT-00003
PI-000136,amount,94035.49
PI-000137,prNo,PR-000028
PI-000137,poNo,PO-000032
PI-000137,amount,113911.66
PI-000137,supplierCode,SUP-012
PI-000138,poNo,PO-000032
PI-000138,grNo,GR-000041
PI-000138,materialCode,MAT-00012
PI-000139,poNo,PO-000032
PI-000139,invoiceNo,INV-000038
PI-000139,amount,115690.64
PI-000140,prNo,PR-000028
PI-000140,poNo,PO-000033
PI-000140,amount,167247.94
PI-000140,supplierCode,SUP-006
PI-000141,poNo,PO-000033
PI-000141,grNo,GR-000042
PI-000141,materialCode,MAT-00028
PI-000142,poNo,PO-000033
PI-000142,grNo,GR-000043
PI-000142,materialCode,MAT-00028
PI-000143,poNo,PO-000033
PI-000143,invoiceNo,INV-000039
PI-000143,amount,169163.72
PI-000144,prNo,PR-000029
PI-000144,materialCode,MAT-00013
PI-000144,amount,54838.12
PI-000145,prNo,PR-000029
PI-000145,poNo,PO-000034
PI-000145,amount,146789.6
PI-000145,supplierCode,SUP-011
PI-000146,poNo,PO-000034
PI-000146,grNo,GR-000044
PI-000146,materialCode,MAT-00056
PI-000147,poNo,PO-000034
PI-000147,invoiceNo,INV-000040
PI-000147,amount,144750.69
PI-000148,prNo,PR-000030
PI-000148,materialCode,MAT-00018
PI-000148,amount,72117.8
PI-000149,prNo,PR-000030
PI-000149,poNo,PO-000035
PI-000149,amount,11881.11
PI-000149,supplierCode,SUP-012
PI-000150,poNo,PO-000035
PI-000150,grNo,GR-000045
PI-000150,materialCode,MAT-00018
PI-000151,poNo,PO-000035
PI-000151,grNo,GR-000046
PI-000151,materialCode,MAT-00018
PI-000152,poNo,PO-000035
PI-000152,invoiceNo,INV-000041
PI-000152,amount,11855.57
PI-000153,prNo,PR-000031
PI-000153,materialCode,MAT-00012
PI-000153,amount,70724.29
PI-000154,prNo,PR-000031
PI-000154,poNo,PO-000036
PI-000154,amount,277396.01
PI-000154,supplierCode,SUP-005
PI-000155,poNo,PO-000036
PI-000155,grNo,GR-000047
PI-000155,materialCode,MAT-00012
PI-000156,poNo,PO-000036
PI-000156,invoiceNo,INV-000042
PI-000156,amount,278008.25
PI-000157,prNo,PR-000032
PI-000157,materialCode,MAT-00052
PI-000157,amount,90007.33
PI-000158,prNo,PR-000032
PI-000158,poNo,PO-000037
PI-000158,amount,42133.92
PI-000158,supplierCode,SUP-011
PI-000159,poNo,PO-000037
PI-000159,grNo,GR-000048
PI-000159,materialCode,MAT-00052
PI-000160,poNo,PO-000037
PI-000160,invoiceNo,INV-000043
PI-000160,amount,42841.25
PI-000161,prNo,PR-000033
PI-000161,materialCode,MAT-00022
PI-000161,amount,35362.13
PI-000162,prNo,PR-000033
PI-000162,poNo,PO-000038
PI-000162,amount,284339.98
PI-000162,supplierCode,SUP-003
PI-000163,poNo,PO-000038
PI-000163,grNo,GR-000049
PI-000163,materialCode,MAT-00020
PI-000164,poNo,PO-000038
PI-000164,invoiceNo,INV-000044
PI-000164,amount,286966.3
PI-000165,prNo,PR-000034
PI-000165,materialCode,MAT-00043
PI-000165,amount,48820.4
PI-000166,prNo,PR-000034
PI-000166,poNo,PO-000039
PI-000166,amount,294295.05
PI-000166,supplierCode,SUP-005
PI-000167,poNo,PO-000039
PI-000167,grNo,GR-000050
PI-000167,materialCode,MAT-00055
PI-000168,poNo,PO-000039
PI-000168,grNo,GR-000051
PI-000168,materialCode,MAT-00055
PI-000169,poNo,PO-000039
PI-000169,invoiceNo,INV-000045
PI-000169,amount,290979.95
PI-000170,prNo,PR-000035
PI-000170,materialCode,MAT-00035
PI-000170,amount,7282.55
PI-000171,prNo,PR-000035
PI-000171,poNo,PO-000040
PI-000171,amount,198851.77
PI-000171,supplierCode,SUP-004
PI-000172,poNo,PO-000040
PI-000172,grNo,GR-000052
PI-000172,materialCode,MAT-00035
PI-000173,poNo,PO-000040
PI-000173,invoiceNo,INV-000046
PI-000173,amount,195583.77
PI-000174,prNo,PR-000036
PI-000174,materialCode,MAT-00021
PI-000174,amount,5692.91
PI-000175,prNo,PR-000036
PI-000175,poNo,PO-000041
PI-000175,amount,136464.92
PI-000175,supplierCode,SUP-005
PI-000176,poNo,PO-000041
PI-000176,grNo,GR-000053
PI-000176,materialCode,MAT-00058
PI-000177,poNo,PO-000041
PI-000177,invoiceNo,INV-000047
PI-000177,amount,136267.1
PI-000178,prNo,PR-000037
PI-000178,materialCode,MAT-00056
PI-000178,amount,33055.07
PI-000179,prNo,PR-000037
PI-000179,poNo,PO-000042
PI-000179,amount,167927.67
PI-000179,supplierCode,SUP-003
PI-000180,poNo,PO-000042
PI-000180,grNo,GR-000054
PI-000180,materialCode,MAT-00019
PI-000181,poNo,PO-000042
PI-000181,grNo,GR-000055
PI-000181,materialCode,MAT-00019
PI-000182,poNo,PO-000042
PI-000182,invoiceNo,INV-000048
PI-000182,amount,100131.59
PI-000183,poNo,PO-000042
PI-000183,invoiceNo,INV-000049
PI-000183,amount,65899.76
PI-000184,prNo,PR-000038
PI-000184,materialCode,MAT-00004
PI-000184,amount,18562.35
PI-000185,prNo,PR-000038
PI-000185,poNo,PO-000043
PI-000185,amount,51434.73
PI-000185,supplierCode,SUP-002
PI-000186,poNo,PO-000043
PI-000186,grNo,GR-000056
PI-000186,materialCode,MAT-00020
PI-000187,poNo,PO-000043
PI-000187,grNo,GR-000057
PI-000187,materialCode,MAT-00004
PI-000188,poNo,PO-000043
PI-000188,invoiceNo,INV-000050
PI-000188,amount,30648.66
PI-000189,poNo,PO-000043
PI-000189,invoiceNo,INV-000051
PI-000189,amount,20749.59
PI-000190,prNo,PR-000039
PI-000190,materialCode,MAT-00028
PI-000190,amount,9230.15
PI-000191,prNo,PR-000039
PI-000191,poNo,PO-000044
PI-000191,amount,84944.91
PI-000191,supplierCode,SUP-006
PI-000192,poNo,PO-000044
PI-000192,grNo,GR-000058
PI-000192,materialCode,MAT-00043
PI-000193,poNo,PO-000044
PI-000193,invoiceNo,INV-000052
PI-000193,amount,85050.46
PI-000194,prNo,PR-000040
PI-000194,materialCode,MAT-00056
PI-000194,amount,8745.88
PI-000195,prNo,PR-000040
PI-000195,poNo,PO-000045
PI-000195,amount,65339.49
PI-000195,supplierCode,SUP-001
PI-000196,poNo,PO-000045
PI-000196,grNo,GR-000059
PI-000196,materialCode,MAT-00058
PI-000197,poNo,PO-000045
PI-000197,invoiceNo,INV-000053
PI-000197,amount,64841.0
PI-000198,prNo,PR-000041
PI-000198,materialCode,MAT-00041
PI-000198,amount,72617.44
PI-000199,prNo,PR-000041
PI-000199,poNo,PO-000046
PI-000199,amount,35176.19
PI-000199,supplierCode,SUP-012
PI-000200,poNo,PO-000046
PI-000200,grNo,GR-000060
PI-000200,materialCode,MAT-00028
PI-000201,poNo,PO-000046
PI-000201,invoiceNo,INV-000054
PI-000201,amount,35476.36
PI-000202,prNo,PR-000042
PI-000202,materialCode,MAT-00058
PI-000202,amount,11443.31
PI-000203,prNo,PR-000042
PI-000203,poNo,PO-000047
PI-000203,amount,190734.36
PI-000203,supplierCode,SUP-005
PI-000204,poNo,PO-000047
PI-000204,grNo,GR-000061
PI-000204,materialCode,MAT-00058
PI-000205,poNo,PO-000047
PI-000205,invoiceNo,INV-000055
PI-000205,amount,192145.5
PI-000206,prNo,PR-000043
PI-000206,materialCode,MAT-00004
PI-000206,amount,11316.74
PI-000207,prNo,PR-000043
PI-000207,poNo,PO-000048
PI-000207,amount,15653.4
PI-000207,supplierCode,SUP-010
PI-000208,poNo,PO-000048
PI-000208,grNo,GR-000062
PI-000208,materialCode,MAT-00008
PI-000209,poNo,PO-000048
PI-000209,invoiceNo,INV-000056
PI-000209,amount,9441.03
PI-000210,poNo,PO-000048
PI-000210,invoiceNo,INV-000057
PI-000210,amount,6357.33
PI-000211,prNo,PR-000044
PI-000211,materialCode,MAT-00018
PI-000211,amount,26740.68
PI-000212,prNo,PR-000044
PI-000212,poNo,PO-000049
PI-000212,amount,77916.21
PI-000212,supplierCode,SUP-008
PI-000213,poNo,PO-000049
PI-000213,grNo,GR-000063
PI-000213,materialCode,MAT-00006
PI-000214,poNo,PO-000049
PI-000214,grNo,GR-000064
PI-000214,materialCode,MAT-00049
PI-000215,poNo,PO-000049
PI-000215,invoiceNo,INV-000058
PI-000215,amount,45926.83
PI-000216,poNo,PO-000049
PI-000216,invoiceNo,INV-000059
PI-000216,amount,31003.54
PI-000217,prNo,PR-000045
PI-000217,materialCode,MAT-00060
PI-000217,amount,56363.71
PI-000218,prNo,PR-000045
PI-000218,poNo,PO-000050
PI-000218,amount,89248.89
PI-000218,supplierCode,SUP-012
PI-000219,poNo,PO-000050
PI-000219,grNo,GR-000065
PI-000219,materialCode,MAT-00060
PI-000220,poNo,PO-000050
PI-000220,invoiceNo,INV-000060
PI-000220,amount,88596.95
PI-000221,prNo,PR-000046
PI-000221,materialCode,MAT-00029
PI-000221,amount,228.59
PI-000222,prNo,PR-000046
PI-000222,poNo,PO-000051
PI-000222,amount,149776.65
PI-000222,supplierCode,SUP-011
PI-000223,poNo,PO-000051
PI-000223,grNo,GR-000066
PI-000223,materialCode,MAT-00021
PI-000224,poNo,PO-000051
PI-000224,invoiceNo,INV-000061
PI-000224,amount,147942.01
PI-000225,prNo,PR-000047
PI-000225,materialCode,MAT-00005
PI-000225,amount,11108.09
PI-000226,prNo,PR-000047
PI-000226,poNo,PO-000052
PI-000226,amount,181835.8
PI-000226,supplierCode,SUP-001
PI-000227,poNo,PO-000052
PI-000227,grNo,GR-000067
PI-000227,materialCode,MAT-00056
PI-000228,poNo,PO-000052
PI-000228,invoiceNo,INV-000062
PI-000228,amount,180316.12
PI-000229,prNo,PR-000047
PI-000229,poNo,PO-000053
PI-000229,amount,28233.57
PI-000229,supplierCode,SUP-006
PI-000230,poNo,PO-000053
PI-000230,grNo,GR-000068
PI-000230,materialCode,MAT-00005
PI-000231,poNo,PO-000053
PI-000231,grNo,GR-000069
PI-000231,materialCode,MAT-00008
PI-000232,poNo,PO-000053
PI-000232,invoiceNo,INV-000063
PI-000232,amount,16750.09
PI-000233,poNo,PO-000053
PI-000233,invoiceNo,INV-000064
PI-000233,amount,11435.98
PI-000234,prNo,PR-000048
PI-000234,materialCode,MAT-00013
PI-000234,amount,12778.03
PI-000235,prNo,PR-000048
PI-000235,poNo,PO-000054
PI-000235,amount,71666.0
PI-000235,supplierCode,SUP-008
PI-000236,poNo,PO-000054
PI-000236,grNo,GR-000070
PI-000236,materialCode,MAT-00013
PI-000237,poNo,PO-000054
PI-000237,invoiceNo,INV-000065
PI-000237,amount,72033.17
PI-000238,prNo,PR-000049
PI-000238,materialCode,MAT-00011
PI-000238,amount,2467.26
PI-000239,prNo,PR-000049
PI-000239,poNo,PO-000055
PI-000239,amount,90072.62
PI-000239,supplierCode,SUP-001
PI-000240,poNo,PO-000055
PI-000240,grNo,GR-000071
PI-000240,materialCode,MAT-00007
PI-000241,poNo,PO-000055
PI-000241,grNo,GR-000072
PI-000241,materialCode,MAT-00007
PI-000242,poNo,PO-000055
PI-000242,invoiceNo,INV-000066
PI-000242,amount,91106.55
PI-000243,prNo,PR-000050
PI-000243,materialCode,MAT-00006
PI-000243,amount,30748.65
PI-000244,prNo,PR-000050
PI-000244,poNo,PO-000056
PI-000244,amount,71474.0
PI-000244,supplierCode,SUP-001
PI-000245,poNo,PO-000056
PI-000245,grNo,GR-000073
PI-000245,materialCode,MAT-00006
PI-000246,poNo,PO-000056
PI-000246,invoiceNo,INV-000067
PI-000246,amount,71568.92
PI-000247,prNo,PR-000051
PI-000247,materialCode,MAT-00029
PI-000247,amount,117870.95
PI-000248,prNo,PR-000051
PI-000248,poNo,PO-000057
PI-000248,amount,693.53
PI-000248,supplierCode,SUP-006
PI-000249,poNo,PO-000057
PI-000249,grNo,GR-000074
PI-000249,materialCode,MAT-00029
PI-000250,poNo,PO-000057
PI-000250,invoiceNo,INV-000068
PI-000250,amount,695.52
PI-000251,prNo,PR-000052
PI-000251,materialCode,MAT-00042
PI-000251,amount,104340.04
PI-000252,prNo,PR-000052
PI-000252,poNo,PO-000058
PI-000252,amount,62528.29
PI-000252,supplierCode,SUP-008
PI-000253,poNo,PO-000058
PI-000253,grNo,GR-000075
PI-000253,materialCode,MAT-00042
PI-000254,poNo,PO-000058
PI-000254,invoiceNo,INV-000069
PI-000254,amount,61300.57
PI-000255,prNo,PR-000053
PI-000255,materialCode,MAT-00049
PI-000255,amount,35091.6
PI-000256,prNo,PR-000053
PI-000256,poNo,PO-000059
PI-000256,amount,169554.56
PI-000256,supplierCode,SUP-008
PI-000257,poNo,PO-000059
PI-000257,grNo,GR-000076
PI-000257,materialCode,MAT-00049
PI-000258,poNo,PO-000059
PI-000258,invoiceNo,INV-000070
PI-000258,amount,172618.63
PI-000259,prNo,PR-000054
PI-000259,materialCode,MAT-00046
PI-000259,amount,19212.94
PI-000260,prNo,PR-000054
PI-000260,poNo,PO-000060
PI-000260,amount,15430.84
PI-000260,supplierCode,SUP-012
PI-000261,poNo,PO-000060
PI-000261,grNo,GR-000077
PI-000261,materialCode,MAT-00046
PI-000262,poNo,PO-000060
PI-000262,grNo,GR-000078
PI-000262,materialCode,MAT-00046
PI-000263,poNo,PO-000060
PI-000263,invoiceNo,INV-000071
PI-000263,amount,15568.13
PI-000264,prNo,PR-000054
PI-000264,poNo,PO-000061
PI-000264,amount,87731.58
PI-000264,supplierCode,SUP-011
PI-000265,poNo,PO-000061
PI-000265,grNo,GR-000079
PI-000265,materialCode,MAT-00046
PI-000266,poNo,PO-000061
PI-000266,invoiceNo,INV-000072
PI-000266,amount,87099.35
PI-000267,prNo,PR-000055
PI-000267,materialCode,MAT-00047
PI-000267,amount,96614.58
PI-000268,prNo,PR-000055
PI-000268,poNo,PO-000062
PI-000268,amount,182860.38
PI-000268,supplierCode,SUP-002
PI-000269,poNo,PO-000062
PI-000269,grNo,GR-000080
PI-000269,materialCode,MAT-00033
PI-000270,poNo,PO-000062
PI-000270,invoiceNo,INV-000073
PI-000270,amount,186314.38
PI-000271,prNo,PR-000056
PI-000271,materialCode,MAT-00025
PI-000271,amount,634.97
PI-000272,prNo,PR-000056
PI-000272,poNo,PO-000063
PI-000272,amount,11533.06
PI-000272,supplierCode,SUP-001
PI-000273,poNo,PO-000063
PI-000273,grNo,GR-000081
PI-000273,materialCode,MAT-00025
PI-000274,poNo,PO-000063
PI-000274,invoiceNo,INV-000074
PI-000274,amount,11670.85
PI-000275,prNo,PR-000057
PI-000275,materialCode,MAT-00045
PI-000275,amount,4679.36
PI-000276,prNo,PR-000057
PI-000276,poNo,PO-000064
PI-000276,amount,85260.12
PI-000276,supplierCode,SUP-012
PI-000277,poNo,PO-000064
PI-000277,grNo,GR-000082
PI-000277,materialCode,MAT-00045
PI-000278,poNo,PO-000064
PI-000278,invoiceNo,INV-000075
PI-000278,amount,84181.39
PI-000279,prNo,PR-000058
PI-000279,materialCode,MAT-00001
PI-000279,amount,55780.52
PI-000280,prNo,PR-000058
PI-000280,poNo,PO-000065
PI-000280,amount,127432.11
PI-000280,supplierCode,SUP-012
PI-000281,poNo,PO-000065
PI-000281,grNo,GR-000083
PI-000281,materialCode,MAT-00047
PI-000282,poNo,PO-000065
PI-000282,invoiceNo,INV-000076
PI-000282,amount,126968.43
PI-000283,prNo,PR-000059
PI-000283,materialCode,MAT-00032
PI-000283,amount,31228.28
PI-000284,prNo,PR-000059
PI-000284,poNo,PO-000066
PI-000284,amount,204739.59
PI-000284,supplierCode,SUP-007
PI-000285,poNo,PO-000066
PI-000285,grNo,GR-000084
PI-000285,materialCode,MAT-00032
PI-000286,poNo,PO-000066
PI-000286,invoiceNo,INV-000077
PI-000286,amount,204005.7
PI-000287,prNo,PR-000060
PI-000287,materialCode,MAT-00001
PI-000287,amount,60490.84
PI-000288,prNo,PR-000060
PI-000288,poNo,PO-000067
PI-000288,amount,69087.58
PI-000288,supplierCode,SUP-003
PI-000289,prNo,PR-000061
PI-000289,materialCode,MAT-00037
PI-000289,amount,3893.16
PI-000290,prNo,PR-000061
PI-000290,poNo,PO-000068
PI-000290,amount,85079.98
PI-000290,supplierCode,SUP-002
PI-000291,poNo,PO-000068
PI-000291,grNo,GR-000085
PI-000291,materialCode,MAT-00014
PI-000292,poNo,PO-000068
PI-000292,invoiceNo,INV-000078
PI-000292,amount,85123.05
PI-000293,prNo,PR-000062
PI-000293,materialCode,MAT-00011
PI-000293,amount,42344.2
PI-000294,prNo,PR-000062
PI-000294,poNo,PO-000069
PI-000294,amount,62429.71
PI-000294,supplierCode,SUP-001
PI-000295,poNo,PO-000069
PI-000295,grNo,GR-000086
PI-000295,materialCode,MAT-00031
PI-000296,poNo,PO-000069
PI-000296,grNo,GR-000087
PI-000296,materialCode,MAT-00031
PI-000297,poNo,PO-000069
PI-000297,invoiceNo,INV-000079
PI-000297,amount,63463.86
PI-000298,prNo,PR-000063
PI-000298,materialCode,MAT-00013
PI-000298,amount,12750.57
PI-000299,prNo,PR-000063
PI-000299,poNo,PO-000070
PI-000299,amount,166599.68
PI-000299,supplierCode,SUP-011
PI-000300,poNo,PO-000070
PI-000300,grNo,GR-000088
PI-000300,materialCode,MAT-00033
PI-000301,poNo,PO-000070
PI-000301,invoiceNo,INV-000080
PI-000301,amount,168973.83
PI-000302,prNo,PR-000064
PI-000302,materialCode,MAT-00043
PI-000302,amount,10787.43
PI-000303,prNo,PR-000064
PI-000303,poNo,PO-000071
PI-000303,amount,151736.22
PI-000303,supplierCode,SUP-007
PI-000304,poNo,PO-000071
PI-000304,grNo,GR-000089
PI-000304,materialCode,MAT-00057
PI-000305,poNo,PO-000071
PI-000305,grNo,GR-000090
PI-000305,materialCode,MAT-00012
PI-000306,poNo,PO-000071
PI-000306,invoiceNo,INV-000081
PI-000306,amount,149436.11
PI-000307,prNo,PR-000065
PI-000307,materialCode,MAT-00008
PI-000307,amount,46944.46
PI-000308,prNo,PR-000065
PI-000308,poNo,PO-000072
PI-000308,amount,99831.55
PI-000308,supplierCode,SUP-006
PI-000309,poNo,PO-000072
PI-000309,grNo,GR-000091
PI-000309,materialCode,MAT-00034
PI-000310,poNo,PO-000072
PI-000310,invoiceNo,INV-000082
PI-000310,amount,100126.17
PI-000311,prNo,PR-000066
PI-000311,materialCode,MAT-00053
PI-000311,amount,55452.99
PI-000312,prNo,PR-000066
PI-000312,poNo,PO-000073
PI-000312,amount,91557.39
PI-000312,supplierCode,SUP-001
PI-000313,poNo,PO-000073
PI-000313,grNo,GR-000092
PI-000313,materialCode,MAT-00037
PI-000314,poNo,PO-000073
PI-000314,invoiceNo,INV-000083
PI-000314,amount,92125.81
PI-000315,prNo,PR-000067
PI-000315,materialCode,MAT-00032
PI-000315,amount,2077.5
PI-000316,prNo,PR-000067
PI-000316,poNo,PO-000074
PI-000316,amount,250649.66
PI-000316,supplierCode,SUP-007
PI-000317,poNo,PO-000074
PI-000317,grNo,GR-000093
PI-000317,materialCode,MAT-00032
PI-000318,poNo,PO-000074
PI-000318,invoiceNo,INV-000084
PI-000318,amount,247916.77
PI-000319,prNo,PR-000068
PI-000319,materialCode,MAT-00058
PI-000319,amount,52150.46
PI-000320,prNo,PR-000068
PI-000320,poNo,PO-000075
PI-000320,amount,55879.98
PI-000320,supplierCode,SUP-009
PI-000321,poNo,PO-000075
PI-000321,grNo,GR-000094
PI-000321,materialCode,MAT-00058
PI-000322,poNo,PO-000075
PI-000322,invoiceNo,INV-000085
PI-000322,amount,56422.81
PI-000323,prNo,PR-000069
PI-000323,materialCode,MAT-00021
PI-000323,amount,17836.3
PI-000324,prNo,PR-000069
PI-000324,poNo,PO-000076
PI-000324,amount,30139.5
PI-000324,supplierCode,SUP-010
PI-000325,poNo,PO-000076
PI-000325,grNo,GR-000095
PI-000325,materialCode,MAT-00021
PI-000326,poNo,PO-000076
PI-000326,grNo,GR-000096
PI-000326,materialCode,MAT-00021
PI-000327,poNo,PO-000076
PI-000327,invoiceNo,INV-000086
PI-000327,amount,30191.84
PI-000328,prNo,PR-000070
PI-000328,materialCode,MAT-00035
PI-000328,amount,40211.94
PI-000329,prNo,PR-000070
PI-000329,poNo,PO-000077
PI-000329,amount,93916.79
PI-000329,supplierCode,SUP-012
PI-000330,poNo,PO-000077
PI-000330,grNo,GR-000097
PI-000330,materialCode,MAT-00010
PI-000331,poNo,PO-000077
PI-000331,invoiceNo,INV-000087
PI-000331,amount,92175.61
PI-000332,prNo,PR-000071
PI-000332,materialCode,MAT-00047
PI-000332,amount,40274.73
PI-000333,prNo,PR-000071
PI-000333,poNo,PO-000078
PI-000333,amount,20109.32
PI-000333,supplierCode,SUP-010
PI-000334,poNo,PO-000078
PI-000334,grNo,GR-000098
PI-000334,materialCode,MAT-00047
PI-000335,poNo,PO-000078
PI-000335,invoiceNo,INV-000088
PI-000335,amount,11861.82
PI-000336,poNo,PO-000078
PI-000336,invoiceNo,INV-000089
PI-000336,amount,8164.8
PI-000337,prNo,PR-000072
PI-000337,materialCode,MAT-00007
PI-000337,amount,33100.62
PI-000338,prNo,PR-000072
PI-000338,poNo,PO-000079
PI-000338,amount,154156.97
PI-000338,supplierCode,SUP-007
PI-000339,poNo,PO-000079
PI-000339,grNo,GR-000099
PI-000339,materialCode,MAT-00005
PI-000340,poNo,PO-000079
PI-000340,invoiceNo,INV-000090
PI-000340,amount,152165.95
PI-000341,prNo,PR-000073
PI-000341,materialCode,MAT-00041
PI-000341,amount,64223.06
PI-000342,prNo,PR-000073
PI-000342,poNo,PO-000080
PI-000342,amount,133384.45
PI-000342,supplierCode,SUP-010
PI-000343,poNo,PO-000080
PI-000343,grNo,GR-000100
PI-000343,materialCode,MAT-00054
PI-000344,poNo,PO-000080
PI-000344,invoiceNo,INV-000091
PI-000344,amount,80872.73
PI-000345,poNo,PO-000080
PI-000345,invoiceNo,INV-000092
PI-000345,amount,53268.95
PI-000346,prNo,PR-000074
PI-000346,materialCode,MAT-00025
PI-000346,amount,103568.24
PI-000347,prNo,PR-000074
PI-000347,poNo,PO-000081
PI-000347,amount,111294.7
PI-000347,supplierCode,SUP-004
PI-000348,poNo,PO-000081
PI-000348,grNo,GR-000101
PI-000348,materialCode,MAT-00004
PI-000349,poNo,PO-000081
PI-000349,invoiceNo,INV-000093
PI-000349,amount,110712.37
PI-000350,prNo,PR-000075
PI-000350,materialCode,MAT-00053
PI-000350,amount,16522.45
PI-000351,prNo,PR-000075
PI-000351,poNo,PO-000082
PI-000351,amount,10193.22
PI-000351,supplierCode,SUP-012
PI-000352,poNo,PO-000082
PI-000352,grNo,GR-000102
PI-000352,materialCode,MAT-00005
PI-000353,poNo,PO-000082
PI-000353,invoiceNo,INV-000094
PI-000353,amount,10296.61
PI-000354,prNo,PR-000076
PI-000354,materialCode,MAT-00010
PI-000354,amount,38691.06
PI-000355,prNo,PR-000076
PI-000355,poNo,PO-000083
PI-000355,amount,25826.64
PI-000355,supplierCode,SUP-005
PI-000356,poNo,PO-000083
PI-000356,grNo,GR-000103
PI-000356,materialCode,MAT-00010
PI-000357,poNo,PO-000083
PI-000357,invoiceNo,INV-000095
PI-000357,amount,26096.97
PI-000358,prNo,PR-000077
PI-000358,materialCode,MAT-00014
PI-000358,amount,32499.66
PI-000359,prNo,PR-000077
PI-000359,poNo,PO-000084
PI-000359,amount,199423.9
PI-000359,supplierCode,SUP-004
PI-000360,poNo,PO-000084
PI-000360,grNo,GR-000104
PI-000360,materialCode,MAT-00016
PI-000361,poNo,PO-000084
PI-000361,grNo,GR-000105
PI-000361,materialCode,MAT-00014
PI-000362,poNo,PO-000084
PI-000362,invoiceNo,INV-000096
PI-000362,amount,120534.77
PI-000363,poNo,PO-000084
PI-000363,invoiceNo,INV-000097
PI-000363,amount,79180.34
PI-000364,prNo,PR-000078
PI-000364,materialCode,MAT-00042
PI-000364,amount,107568.8
PI-000365,prNo,PR-000079
PI-000365,materialCode,MAT-00051
PI-000365,amount,1950.44
PI-000366,prNo,PR-000079
PI-000366,poNo,PO-000085
PI-000366,amount,246956.28
PI-000366,supplierCode,SUP-011
PI-000367,poNo,PO-000085
PI-000367,grNo,GR-000106
PI-000367,materialCode,MAT-00010
PI-000368,poNo,PO-000085
PI-000368,invoiceNo,INV-000098
PI-000368,amount,243979.74
PI-000369,prNo,PR-000080
PI-000369,materialCode,MAT-00026
PI-000369,amount,21481.79
PI-000370,prNo,PR-000080
PI-000370,poNo,PO-000086
PI-000370,amount,125774.35
PI-000370,supplierCode,SUP-002
PI-000371,poNo,PO-000086
PI-000371,grNo,GR-000107
PI-000371,materialCode,MAT-00017
PI-000372,poNo,PO-000086
PI-000372,grNo,GR-000108
PI-000372,materialCode,MAT-00017
PI-000373,poNo,PO-000086
PI-000373,invoiceNo,INV-000099
PI-000373,amount,127171.1
PI-000374,prNo,PR-000081
PI-000374,materialCode,MAT-00013
PI-000374,amount,46760.97
PI-000375,prNo,PR-000081
PI-000375,poNo,PO-000087
PI-000375,amount,61071.15
PI-000375,supplierCode,SUP-010
PI-000376,poNo,PO-000087
PI-000376,grNo,GR-000109
PI-000376,materialCode,MAT-00034
PI-000377,poNo,PO-000087
PI-000377,invoiceNo,INV-000100
PI-000377,amount,36785.95
PI-000378,poNo,PO-000087
PI-000378,invoiceNo,INV-000101
PI-000378,amount,24620.38
PI-000379,prNo,PR-000082
PI-000379,materialCode,MAT-00011
PI-000379,amount,10612.36
PI-000380,prNo,PR-000083
PI-000380,materialCode,MAT-00045
PI-000380,amount,58485.96
PI-000381,prNo,PR-000083
PI-000381,poNo,PO-000088
PI-000381,amount,31778.75
PI-000381,supplierCode,SUP-011
PI-000382,poNo,PO-000088
PI-000382,grNo,GR-000110
PI-000382,materialCode,MAT-00025
PI-000383,poNo,PO-000088
PI-000383,grNo,GR-000111
PI-000383,materialCode,MAT-00002
PI-000384,poNo,PO-000088
PI-000384,invoiceNo,INV-000102
PI-000384,amount,32052.08
PI-000385,prNo,PR-000084
PI-000385,materialCode,MAT-00022
PI-000385,amount,48037.28
PI-000386,prNo,PR-000084
PI-000386,poNo,PO-000089
PI-000386,amount,86751.5
PI-000386,supplierCode,SUP-005
PI-000387,prNo,PR-000085
PI-000387,materialCode,MAT-00009
PI-000387,amount,80603.23
PI-000388,prNo,PR-000085
PI-000388,poNo,PO-000090
PI-000388,amount,197424.37
PI-000388,supplierCode,SUP-004
PI-000389,poNo,PO-000090
PI-000389,grNo,GR-000112
PI-000389,materialCode,MAT-00050
PI-000390,poNo,PO-000090
PI-000390,invoiceNo,INV-000103
PI-000390,amount,194546.7
PI-000391,prNo,PR-000085
PI-000391,poNo,PO-000091
PI-000391,amount,113293.78
PI-000391,supplierCode,SUP-001
PI-000392,poNo,PO-000091
PI-000392,grNo,GR-000113
PI-000392,materialCode,MAT-00020
PI-000393,poNo,PO-000091
PI-000393,invoiceNo,INV-000104
PI-000393,amount,68582.91
PI-000394,poNo,PO-000091
PI-000394,invoiceNo,INV-000105
PI-000394,amount,44888.38
PI-000395,prNo,PR-000086
PI-000395,materialCode,MAT-00021
PI-000395,amount,93873.86
PI-000396,prNo,PR-000086
PI-000396,poNo,PO-000092
PI-000396,amount,22274.0
PI-000396,supplierCode,SUP-011
PI-000397,poNo,PO-000092
PI-000397,grNo,GR-000114
PI-000397,materialCode,MAT-00012
PI-000398,poNo,PO-000092
PI-000398,invoiceNo,INV-000106
PI-000398,amount,22474.25
PI-000399,prNo,PR-000087
PI-000399,materialCode,MAT-00005
PI-000399,amount,37568.88
PI-000400,prNo,PR-000087
PI-000400,poNo,PO-000093
PI-000400,amount,164508.63
PI-000400,supplierCode,SUP-009
PI-000401,poNo,PO-000093
PI-000401,grNo,GR-000115
PI-000401,materialCode,MAT-00028
PI-000402,poNo,PO-000093
PI-000402,invoiceNo,INV-000107
PI-000402,amount,164805.48
PI-000403,prNo,PR-000088
PI-000403,materialCode,MAT-00050
PI-000403,amount,18676.35
PI-000404,prNo,PR-000088
PI-000404,poNo,PO-000094
PI-000404,amount,173933.27
PI-000404,supplierCode,SUP-003
PI-000405,poNo,PO-000094
PI-000405,grNo,GR-000116
PI-000405,materialCode,MAT-00016
PI-000406,poNo,PO-000094
PI-000406,grNo,GR-000117
PI-000406,materialCode,MAT-00016
PI-000407,poNo,PO-000094
PI-000407,invoiceNo,INV-000108
PI-000407,amount,177010.43
PI-000408,prNo,PR-000089
PI-000408,materialCode,MAT-00017
PI-000408,amount,88367.63
PI-000409,prNo,PR-000089
PI-000409,poNo,PO-000095
PI-000409,amount,34165.72
PI-000409,supplierCode,SUP-004
PI-000410,poNo,PO-000095
PI-000410,grNo,GR-000118
PI-000410,materialCode,MAT-00017
PI-000411,poNo,PO-000095
PI-000411,grNo,GR-000119
PI-000411,materialCode,MAT-00017
PI-000412,poNo,PO-000095
PI-000412,invoiceNo,INV-000109
PI-000412,amount,20477.83
PI-000413,poNo,PO-000095
PI-000413,invoiceNo,INV-000110
PI-000413,amount,13655.57
PI-000414,prNo,PR-000089
PI-000414,poNo,PO-000096
PI-000414,amount,102474.08
PI-000414,supplierCode,SUP-011
PI-000415,poNo,PO-000096
PI-000415,grNo,GR-000120
PI-000415,materialCode,MAT-00019
PI-000416,poNo,PO-000096
PI-000416,invoiceNo,INV-000111
PI-000416,amount,103126.27
PI-000417,prNo,PR-000090
PI-000417,materialCode,MAT-00013
PI-000417,amount,49083.44
PI-000418,prNo,PR-000090
PI-000418,poNo,PO-000097
PI-000418,amount,61787.55
PI-000418,supplierCode,SUP-008
PI-000419,poNo,PO-000097
PI-000419,grNo,GR-000121
PI-000419,materialCode,MAT-00006
PI-000420,poNo,PO-000097
PI-000420,grNo,GR-000122
PI-000420,materialCode,MAT-00006
PI-000421,poNo,PO-000097
PI-000421,invoiceNo,INV-000112
PI-000421,amount,61563.79
PI-000422,prNo,PR-000091
PI-000422,materialCode,MAT-00056
PI-000422,amount,104635.18
PI-000423,prNo,PR-000091
PI-000423,poNo,PO-000098
PI-000423,amount,67909.03
PI-000423,supplierCode,SUP-012
PI-000424,poNo,PO-000098
PI-000424,grNo,GR-000123
PI-000424,materialCode,MAT-00055
PI-000425,poNo,PO-000098
PI-000425,grNo,GR-000124
PI-000425,materialCode,MAT-00056
PI-000426,poNo,PO-000098
PI-000426,invoiceNo,INV-000113
PI-000426,amount,68039.39
PI-000427,prNo,PR-000092
PI-000427,materialCode,MAT-00040
PI-000427,amount,146603.76
PI-000428,prNo,PR-000092
PI-000428,poNo,PO-000099
PI-000428,amount,119915.19
PI-000428,supplierCode,SUP-009
PI-000429,poNo,PO-000099
PI-000429,grNo,GR-000125
PI-000429,materialCode,MAT-00016
PI-000430,poNo,PO-000099
PI-000430,invoiceNo,INV-000114
PI-000430,amount,120624.94
PI-000431,prNo,PR-000093
PI-000431,materialCode,MAT-00045
PI-000431,amount,79545.37
PI-000432,prNo,PR-000093
PI-000432,poNo,PO-000100
PI-000432,amount,50460.77
PI-000432,supplierCode,SUP-010
PI-000433,poNo,PO-000100
PI-000433,grNo,GR-000126
PI-000433,materialCode,MAT-00045
PI-000434,poNo,PO-000100
PI-000434,grNo,GR-000127
PI-000434,materialCode,MAT-00045
PI-000435,poNo,PO-000100
PI-000435,invoiceNo,INV-000115
PI-000435,amount,51386.5
PI-000436,prNo,PR-000094
PI-000436,materialCode,MAT-00045
PI-000436,amount,73099.71
PI-000437,prNo,PR-000094
PI-000437,poNo,PO-000101
PI-000437,amount,142853.88
PI-000437,supplierCode,SUP-011
PI-000438,poNo,PO-000101
PI-000438,grNo,GR-000128
PI-000438,materialCode,MAT-00045
PI-000439,poNo,PO-000101
PI-000439,invoiceNo,INV-000116
PI-000439,amount,141808.57
PI-000440,prNo,PR-000095
PI-000440,materialCode,MAT-00059
PI-000440,amount,13713.63
PI-000441,prNo,PR-000095
PI-000441,poNo,PO-000102
PI-000441,amount,20700.35
PI-000441,supplierCode,SUP-011
PI-000442,poNo,PO-000102
PI-000442,grNo,GR-000129
PI-000442,materialCode,MAT-00059
PI-000443,poNo,PO-000102
PI-000443,invoiceNo,INV-000117
PI-000443,amount,20875.12
PI-000444,prNo,PR-000096
PI-000444,materialCode,MAT-00028
PI-000444,amount,17101.73
PI-000445,prNo,PR-000096
PI-000445,poNo,PO-000103
PI-000445,amount,139858.9
PI-000445,supplierCode,SUP-006
PI-000446,poNo,PO-000103
PI-000446,grNo,GR-000130
PI-000446,materialCode,MAT-00056
PI-000447,poNo,PO-000103
PI-000447,invoiceNo,INV-000118
PI-000447,amount,137603.57
PI-000448,prNo,PR-000097
PI-000448,materialCode,MAT-00048
PI-000448,amount,19623.75
PI-000449,prNo,PR-000097
PI-000449,poNo,PO-000104
PI-000449,amount,12651.76
PI-000449,supplierCode,SUP-007
PI-000450,poNo,PO-000104
PI-000450,grNo,GR-000131
PI-000450,materialCode,MAT-00048
PI-000451,poNo,PO-000104
PI-000451,invoiceNo,INV-000119
PI-000451,amount,12598.42
PI-000452,prNo,PR-000098
PI-000452,materialCode,MAT-00056
PI-000452,amount,8122.8
PI-000453,prNo,PR-000098
PI-000453,poNo,PO-000105
PI-000453,amount,86701.32
PI-000453,supplierCode,SUP-010
PI-000454,poNo,PO-000105
PI-000454,grNo,GR-000132
PI-000454,materialCode,MAT-00040
PI-000455,poNo,PO-000105
PI-000455,invoiceNo,INV-000120
PI-000455,amount,88141.38
PI-000456,prNo,PR-000099
PI-000456,materialCode,MAT-00006
PI-000456,amount,83453.09
PI-000457,prNo,PR-000099
PI-000457,poNo,PO-000106
PI-000457,amount,34690.59
PI-000457,supplierCode,SUP-009
PI-000458,poNo,PO-000106
PI-000458,grNo,GR-000133
PI-000458,materialCode,MAT-00006
PI-000459,poNo,PO-000106
PI-000459,invoiceNo,INV-000121
PI-000459,amount,20467.89
PI-000460,poNo,PO-000106
PI-000460,invoiceNo,INV-000122
PI-000460,amount,13937.15
PI-000461,prNo,PR-000100
PI-000461,materialCode,MAT-00028
PI-000461,amount,86654.91
PI-000462,prNo,PR-000100
PI-000462,poNo,PO-000107
PI-000462,amount,109489.93
PI-000462,supplierCode,SUP-001
PI-000463,poNo,PO-000107
PI-000463,grNo,GR-000134
PI-000463,materialCode,MAT-00014
PI-000464,poNo,PO-000107
PI-000464,invoiceNo,INV-000123
PI-000464,amount,111394.89
PI-000465,prNo,PR-000100
PI-000465,poNo,PO-000108
PI-000465,amount,178767.27
PI-000465,supplierCode,SUP-007
PI-000466,poNo,PO-000108
PI-000466,grNo,GR-000135
PI-000466,materialCode,MAT-00004
PI-000467,poNo,PO-000108
PI-000467,invoiceNo,INV-000124
PI-000467,amount,178101.72
PI-000468,prNo,PR-000101
PI-000468,materialCode,MAT-00033
PI-000468,amount,4084.3
PI-000469,prNo,PR-000101
PI-000469,poNo,PO-000109
PI-000469,amount,96264.78
PI-000469,supplierCode,SUP-001
PI-000470,poNo,PO-000109
PI-000470,grNo,GR-000136
PI-000470,materialCode,MAT-00036
PI-000471,poNo,PO-000109
PI-000471,grNo,GR-000137
PI-000471,materialCode,MAT-00049
PI-000472,poNo,PO-000109
PI-000472,invoiceNo,INV-000125
PI-000472,amount,96070.88
PI-000473,prNo,PR-000102
PI-000473,materialCode,MAT-00026
PI-000473,amount,71237.92
PI-000474,prNo,PR-000102
PI-000474,poNo,PO-000110
PI-000474,amount,11600.08
PI-000474,supplierCode,SUP-010
PI-000475,poNo,PO-000110
PI-000475,grNo,GR-000138
PI-000475,materialCode,MAT-00026
PI-000476,poNo,PO-000110
PI-000476,invoiceNo,INV-000126
PI-000476,amount,11385.79
PI-000477,prNo,PR-000103
PI-000477,materialCode,MAT-00012
PI-000477,amount,28466.21
PI-000478,prNo,PR-000103
PI-000478,poNo,PO-000111
PI-000478,amount,116787.93
PI-000478,supplierCode,SUP-010
PI-000479,poNo,PO-000111
PI-000479,grNo,GR-000139
PI-000479,materialCode,MAT-00012
PI-000480,poNo,PO-000111
PI-000480,invoiceNo,INV-000127
PI-000480,amount,117703.92
PI-000481,prNo,PR-000104
PI-000481,materialCode,MAT-00012
PI-000481,amount,15549.6
PI-000482,prNo,PR-000104
PI-000482,poNo,PO-000112
PI-000482,amount,6501.32
PI-000482,supplierCode,SUP-004
PI-000483,poNo,PO-000112
PI-000483,grNo,GR-000140
PI-000483,materialCode,MAT-00012
PI-000484,poNo,PO-000112
PI-000484,invoiceNo,INV-000128
PI-000484,amount,6398.82
PI-000485,prNo,PR-000105
PI-000485,materialCode,MAT-00054
PI-000485,amount,2193.13
PI-000486,prNo,PR-000105
PI-000486,poNo,PO-000113
PI-000486,amount,88371.63
PI-000486,supplierCode,SUP-004
PI-000487,poNo,PO-000113
PI-000487,grNo,GR-000141
PI-000487,materialCode,MAT-00054
PI-000488,poNo,PO-000113
PI-000488,invoiceNo,INV-000129
PI-000488,amount,90040.39
PI-000489,prNo,PR-000106
PI-000489,materialCode,MAT-00014
PI-000489,amount,86955.48
PI-000490,prNo,PR-000106
PI-000490,poNo,PO-000114
PI-000490,amount,8262.7
PI-000490,supplierCode,SUP-012
PI-000491,poNo,PO-000114
PI-000491,grNo,GR-000142
PI-000491,materialCode,MAT-00014
PI-000492,poNo,PO-000114
PI-000492,grNo,GR-000143
PI-000492,materialCode,MAT-00014
PI-000493,poNo,PO-000114
PI-000493,invoiceNo,INV-000130
PI-000493,amount,8292.91
PI-000494,prNo,PR-000107
PI-000494,materialCode,MAT-00018
PI-000494,amount,2396.07
PI-000495,prNo,PR-000107
PI-000495,poNo,PO-000115
PI-000495,amount,144823.83
PI-000495,supplierCode,SUP-011
PI-000496,poNo,PO-000115
PI-000496,grNo,GR-000144
PI-000496,materialCode,MAT-00018
PI-000497,poNo,PO-000115
PI-000497,grNo,GR-000145
PI-000497,materialCode,MAT-00024
PI-000498,poNo,PO-000115
PI-000498,invoiceNo,INV-000131
PI-000498,amount,86709.84
PI-000499,poNo,PO-000115
PI-000499,invoiceNo,INV-000132
PI-000499,amount,58358.57
PI-000500,prNo,PR-000108
PI-000500,materialCode,MAT-00055
PI-000500,amount,105853.59
PI-000501,prNo,PR-000108
PI-000501,poNo,PO-000116
PI-000501,amount,55333.5
PI-000501,supplierCode,SUP-006
PI-000502,poNo,PO-000116
PI-000502,grNo,GR-000146
PI-000502,materialCode,MAT-00055
PI-000503,poNo,PO-000116
PI-000503,invoiceNo,INV-000133
PI-000503,amount,54853.29
PI-000504,prNo,PR-000109
PI-000504,materialCode,MAT-00005
PI-000504,amount,43944.69
PI-000505,prNo,PR-000109
PI-000505,poNo,PO-000117
PI-000505,amount,91426.84
PI-000505,supplierCode,SUP-007
PI-000506,poNo,PO-000117
PI-000506,grNo,GR-000147
PI-000506,materialCode,MAT-00002
PI-000507,poNo,PO-000117
PI-000507,grNo,GR-000148
PI-000507,materialCode,MAT-00002
PI-000508,poNo,PO-000117
PI-000508,invoiceNo,INV-000134
PI-000508,amount,91790.7
PI-000509,prNo,PR-000110
PI-000509,materialCode,MAT-00017
PI-000509,amount,73131.84
PI-000510,prNo,PR-000110
PI-000510,poNo,PO-000118
PI-000510,amount,45268.68
PI-000510,supplierCode,SUP-002
PI-000511,poNo,PO-000118
PI-000511,grNo,GR-000149
PI-000511,materialCode,MAT-00017
PI-000512,poNo,PO-000118
PI-000512,invoiceNo,INV-000135
PI-000512,amount,44776.11
PI-000513,prNo,PR-000110
PI-000513,poNo,PO-000119
PI-000513,amount,38628.58
PI-000513,supplierCode,SUP-008
PI-000514,poNo,PO-000119
PI-000514,grNo,GR-000150
PI-000514,materialCode,MAT-00017
PI-000515,poNo,PO-000119
PI-000515,grNo,GR-000151
PI-000515,materialCode,MAT-00017
PI-000516,poNo,PO-000119
PI-000516,invoiceNo,INV-000136
PI-000516,amount,38414.78
PI-000517,prNo,PR-000111
PI-000517,materialCode,MAT-00056
PI-000517,amount,147630.26
PI-000518,prNo,PR-000111
PI-000518,poNo,PO-000120
PI-000518,amount,4259.48
PI-000518,supplierCode,SUP-004
PI-000519,poNo,PO-000120
PI-000519,grNo,GR-000152
PI-000519,materialCode,MAT-00056
PI-000520,poNo,PO-000120
PI-000520,invoiceNo,INV-000137
PI-000520,amount,4186.87
PI-000521,prNo,PR-000112
PI-000521,materialCode,MAT-00051
PI-000521,amount,12113.12
PI-000522,prNo,PR-000112
PI-000522,poNo,PO-000121
PI-000522,amount,90322.85
PI-000522,supplierCode,SUP-008
PI-000523,poNo,PO-000121
PI-000523,grNo,GR-000153
PI-000523,materialCode,MAT-00008
PI-000524,poNo,PO-000121
PI-000524,invoiceNo,INV-000138
PI-000524,amount,90214.47
PI-000525,prNo,PR-000112
PI-000525,poNo,PO-000122
PI-000525,amount,1436.12
PI-000525,supplierCode,SUP-011
PI-000526,poNo,PO-000122
PI-000526,grNo,GR-000154
PI-000526,materialCode,MAT-00051
PI-000527,poNo,PO-000122
PI-000527,invoiceNo,INV-000139
PI-000527,amount,1430.56
PI-000528,prNo,PR-000113
PI-000528,materialCode,MAT-00026
PI-000528,amount,34429.42
PI-000529,prNo,PR-000113
PI-000529,poNo,PO-000123
PI-000529,amount,24466.64
PI-000529,supplierCode,SUP-012
PI-000530,poNo,PO-000123
PI-000530,grNo,GR-000155
PI-000530,materialCode,MAT-00026
PI-000531,poNo,PO-000123
PI-000531,grNo,GR-000156
PI-000531,materialCode,MAT-00026
PI-000532,poNo,PO-000123
PI-000532,invoiceNo,INV-000140
PI-000532,amount,24009.86
PI-000533,prNo,PR-000114
PI-000533,materialCode,MAT-00012
PI-000533,amount,7584.92
PI-000534,prNo,PR-000115
PI-000534,materialCode,MAT-00060
PI-000534,amount,32828.41
PI-000535,prNo,PR-000115
PI-000535,poNo,PO-000124
PI-000535,amount,331782.27
PI-000535,supplierCode,SUP-004
PI-000536,poNo,PO-000124
PI-000536,grNo,GR-000157
PI-000536,materialCode,MAT-00060
PI-000537,poNo,PO-000124
PI-000537,invoiceNo,INV-000141
PI-000537,amount,196502.42
PI-000538,poNo,PO-000124
PI-000538,invoiceNo,INV-000142
PI-000538,amount,132498.44
PI-000539,prNo,PR-000115
PI-000539,poNo,PO-000125
PI-000539,amount,176881.77
PI-000539,supplierCode,SUP-007
PI-000540,poNo,PO-000125
PI-000540,grNo,GR-000158
PI-000540,materialCode,MAT-00026
PI-000541,poNo,PO-000125
PI-000541,invoiceNo,INV-000143
PI-000541,amount,108106.01
PI-000542,poNo,PO-000125
PI-000542,invoiceNo,INV-000144
PI-000542,amount,70674.0
PI-000543,prNo,PR-000116
PI-000543,materialCode,MAT-00002
PI-000543,amount,71730.59
PI-000544,prNo,PR-000116
PI-000544,poNo,PO-000126
PI-000544,amount,97686.41
PI-000544,supplierCode,SUP-003
PI-000545,poNo,PO-000126
PI-000545,grNo,GR-000159
PI-000545,materialCode,MAT-00043
PI-000546,poNo,PO-000126
PI-000546,invoiceNo,INV-000145
PI-000546,amount,99223.02
PI-000547,prNo,PR-000117
PI-000547,materialCode,MAT-00010
PI-000547,amount,9978.23
PI-000548,prNo,PR-000117
PI-000548,poNo,PO-000127
PI-000548,amount,202044.59
PI-000548,supplierCode,SUP-004
PI-000549,poNo,PO-000127
PI-000549,grNo,GR-000160
PI-000549,materialCode,MAT-00009
PI-000550,poNo,PO-000127
PI-000550,invoiceNo,INV-000146
PI-000550,amount,200321.75
PI-000551,prNo,PR-000118
PI-000551,materialCode,MAT-00013
PI-000551,amount,30877.01
PI-000552,prNo,PR-000118
PI-000552,poNo,PO-000128
PI-000552,amount,15011.94
PI-000552,supplierCode,SUP-001
PI-000553,poNo,PO-000128
PI-000553,grNo,GR-000161
PI-000553,materialCode,MAT-00038
PI-000554,poNo,PO-000128
PI-000554,invoiceNo,INV-000147
PI-000554,amount,14990.56
PI-000555,prNo,PR-000119
PI-000555,materialCode,MAT-00040
PI-000555,amount,10512.23
PI-000556,prNo,PR-000119
PI-000556,poNo,PO-000129
PI-000556,amount,39224.92
PI-000556,supplierCode,SUP-001
PI-000557,poNo,PO-000129
PI-000557,grNo,GR-000162
PI-000557,materialCode,MAT-00038
PI-000558,poNo,PO-000129
PI-000558,invoiceNo,INV-000148
PI-000558,amount,38526.1
PI-000559,prNo,PR-000120
PI-000559,materialCode,MAT-00055
PI-000559,amount,11009.55
PI-000560,prNo,PR-000120
PI-000560,poNo,PO-000130
PI-000560,amount,98994.92
PI-000560,supplierCode,SUP-003
PI-000561,poNo,PO-000130
PI-000561,grNo,GR-000163
PI-000561,materialCode,MAT-00055
PI-000562,poNo,PO-000130
PI-000562,invoiceNo,INV-000149
PI-000562,amount,97199.81
PI-000563,prNo,PR-000121
PI-000563,materialCode,MAT-00003
PI-000563,amount,94487.11
PI-000564,prNo,PR-000121
PI-000564,poNo,PO-000131
PI-000564,amount,72115.96
PI-000564,supplierCode,SUP-004
PI-000565,poNo,PO-000131
PI-000565,grNo,GR-000164
PI-000565,materialCode,MAT-00003
PI-000566,poNo,PO-000131
PI-000566,grNo,GR-000165
PI-000566,materialCode,MAT-00003
PI-000567,poNo,PO-000131
PI-000567,invoiceNo,INV-000150
PI-000567,amount,71170.84
PI-000568,prNo,PR-000122
PI-000568,materialCode,MAT-00020
PI-000568,amount,303.32
PI-000569,prNo,PR-000122
PI-000569,poNo,PO-000132
PI-000569,amount,194067.87
PI-000569,supplierCode,SUP-009
PI-000570,poNo,PO-000132
PI-000570,grNo,GR-000166
PI-000570,materialCode,MAT-00020
PI-000571,poNo,PO-000132
PI-000571,grNo,GR-000167
PI-000571,materialCode,MAT-00031
PI-000572,poNo,PO-000132
PI-000572,invoiceNo,INV-000151
PI-000572,amount,197433.49
PI-000573,prNo,PR-000123
PI-000573,materialCode,MAT-00021
PI-000573,amount,136783.66
PI-000574,prNo,PR-000123
PI-000574,poNo,PO-000133
PI-000574,amount,158893.26
PI-000574,supplierCode,SUP-005
PI-000575,poNo,PO-000133
PI-000575,grNo,GR-000168
PI-000575,materialCode,MAT-00021
PI-000576,poNo,PO-000133
PI-000576,grNo,GR-000169
PI-000576,materialCode,MAT-00039
PI-000577,poNo,PO-000133
PI-000577,invoiceNo,INV-000152
PI-000577,amount,160398.89
PI-000578,prNo,PR-000124
PI-000578,materialCode,MAT-00011
PI-000578,amount,75433.48
PI-000579,prNo,PR-000124
PI-000579,poNo,PO-000134
PI-000579,amount,31466.01
PI-000579,supplierCode,SUP-006
PI-000580,poNo,PO-000134
PI-000580,grNo,GR-000170
PI-000580,materialCode,MAT-00045
PI-000581,poNo,PO-000134
PI-000581,invoiceNo,INV-000153
PI-000581,amount,31297.51
PI-000582,prNo,PR-000125
PI-000582,materialCode,MAT-00038
PI-000582,amount,13426.78
PI-000583,prNo,PR-000125
PI-000583,poNo,PO-000135
PI-000583,amount,212682.73
PI-000583,supplierCode,SUP-005
PI-000584,poNo,PO-000135
PI-000584,grNo,GR-000171
PI-000584,materialCode,MAT-00030
PI-000585,poNo,PO-000135
PI-000585,grNo,GR-000172
PI-000585,materialCode,MAT-00030
PI-000586,poNo,PO-000135
PI-000586,invoiceNo,INV-000154
PI-000586,amount,129289.28
PI-000587,poNo,PO-000135
PI-000587,invoiceNo,INV-000155
PI-000587,amount,86363.89
PI-000588,prNo,PR-000126
PI-000588,materialCode,MAT-00025
PI-000588,amount,15896.81
PI-000589,prNo,PR-000126
PI-000589,poNo,PO-000136
PI-000589,amount,160589.69
PI-000589,supplierCode,SUP-009
PI-000590,poNo,PO-000136
PI-000590,grNo,GR-000173
PI-000590,materialCode,MAT-00025
PI-000591,poNo,PO-000136
PI-000591,grNo,GR-000174
PI-000591,materialCode,MAT-00003
PI-000592,poNo,PO-000136
PI-000592,invoiceNo,INV-000156
PI-000592,amount,159684.89
PI-000593,prNo,PR-000127
PI-000593,materialCode,MAT-00025
PI-000593,amount,48149.71
PI-000594,prNo,PR-000127
PI-000594,poNo,PO-000137
PI-000594,amount,114257.38
PI-000594,supplierCode,SUP-011
PI-000595,poNo,PO-000137
PI-000595,grNo,GR-000175
PI-000595,materialCode,MAT-00007
PI-000596,poNo,PO-000137
PI-000596,invoiceNo,INV-000157
PI-000596,amount,112568.88
PI-000597,prNo,PR-000128
PI-000597,materialCode,MAT-00003
PI-000597,amount,18592.84
PI-000598,prNo,PR-000128
PI-000598,poNo,PO-000138
PI-000598,amount,51186.02
PI-000598,supplierCode,SUP-006
PI-000599,poNo,PO-000138
PI-000599,grNo,GR-000176
PI-000599,materialCode,MAT-00003
PI-000600,poNo,PO-000138
PI-000600,invoiceNo,INV-000158
PI-000600,amount,30240.12
PI-000601,poNo,PO-000138
PI-000601,invoiceNo,INV-000159
PI-000601,amount,20697.09
PI-000602,prNo,PR-000129
PI-000602,materialCode,MAT-00043
PI-000602,amount,15392.88
PI-000603,prNo,PR-000129
PI-000603,poNo,PO-000139
PI-000603,amount,139520.05
PI-000603,supplierCode,SUP-004
PI-000604,poNo,PO-000139
PI-000604,grNo,GR-000177
PI-000604,materialCode,MAT-00043
PI-000605,poNo,PO-000139
PI-000605,invoiceNo,INV-000160
PI-000605,amount,137770.4
PI-000606,prNo,PR-000130
PI-000606,materialCode,MAT-00050
PI-000606,amount,58442.47
PI-000607,prNo,PR-000130
PI-000607,poNo,PO-000140
PI-000607,amount,65959.93
PI-000607,supplierCode,SUP-009
PI-000608,poNo,PO-000140
PI-000608,grNo,GR-000178
PI-000608,materialCode,MAT-00050
PI-000609,poNo,PO-000140
PI-000609,invoiceNo,INV-000161
PI-000609,amount,65968.87
PI-000610,prNo,PR-000131
PI-000610,materialCode,MAT-00036
PI-000610,amount,23519.78
PI-000611,prNo,PR-000131
PI-000611,poNo,PO-000141
PI-000611,amount,2796.52
PI-000611,supplierCode,SUP-008
PI-000612,poNo,PO-000141
PI-000612,grNo,GR-000179
PI-000612,materialCode,MAT-00036
PI-000613,poNo,PO-000141
PI-000613,invoiceNo,INV-000162
PI-000613,amount,2745.7
PI-000614,prNo,PR-000132
PI-000614,materialCode,MAT-00001
PI-000614,amount,56497.31
PI-000615,prNo,PR-000132
PI-000615,poNo,PO-000142
PI-000615,amount,19439.81
PI-000615,supplierCode,SUP-010
PI-000616,poNo,PO-000142
PI-000616,grNo,GR-000180
PI-000616,materialCode,MAT-00001
PI-000617,poNo,PO-000142
PI-000617,invoiceNo,INV-000163
PI-000617,amount,19323.01
PI-000618,prNo,PR-000133
PI-000618,materialCode,MAT-00029
PI-000618,amount,3802.77
PI-000619,prNo,PR-000133
PI-000619,poNo,PO-000143
PI-000619,amount,71988.39
PI-000619,supplierCode,SUP-003
PI-000620,poNo,PO-000143
PI-000620,grNo,GR-000181
PI-000620,materialCode,MAT-00029
PI-000621,poNo,PO-000143
PI-000621,invoiceNo,INV-000164
PI-000621,amount,71934.03
PI-000622,prNo,PR-000134
PI-000622,materialCode,MAT-00038
PI-000622,amount,21921.84
PI-000623,prNo,PR-000134
PI-000623,poNo,PO-000144
PI-000623,amount,182696.06
PI-000623,supplierCode,SUP-002
PI-000624,poNo,PO-000144
PI-000624,grNo,GR-000182
PI-000624,materialCode,MAT-00038
PI-000625,poNo,PO-000144
PI-000625,grNo,GR-000183
PI-000625,materialCode,MAT-00035
PI-000626,poNo,PO-000144
PI-000626,invoiceNo,INV-000165
PI-000626,amount,182529.54
PI-000627,prNo,PR-000135
PI-000627,materialCode,MAT-00053
PI-000627,amount,58211.14
PI-000628,prNo,PR-000135
PI-000628,poNo,PO-000145
PI-000628,amount,130756.26
PI-000628,supplierCode,SUP-002
PI-000629,poNo,PO-000145
PI-000629,grNo,GR-000184
PI-000629,materialCode,MAT-00053
PI-000630,poNo,PO-000145
PI-000630,grNo,GR-000185
PI-000630,materialCode,MAT-00031
PI-000631,poNo,PO-000145
PI-000631,invoiceNo,INV-000166
PI-000631,amount,132221.93
PI-000632,prNo,PR-000136
PI-000632,materialCode,MAT-00043
PI-000632,amount,54529.02
PI-000633,prNo,PR-000136
PI-000633,poNo,PO-000146
PI-000633,amount,57026.11
PI-000633,supplierCode,SUP-007
PI-000634,poNo,PO-000146
PI-000634,grNo,GR-000186
PI-000634,materialCode,MAT-00031
PI-000635,poNo,PO-000146
PI-000635,invoiceNo,INV-000167
PI-000635,amount,57188.07
PI-000636,prNo,PR-000137
PI-000636,materialCode,MAT-00035
PI-000636,amount,72096.92
PI-000637,prNo,PR-000137
PI-000637,poNo,PO-000147
PI-000637,amount,19143.36
PI-000637,supplierCode,SUP-004
PI-000638,poNo,PO-000147
PI-000638,grNo,GR-000187
PI-000638,materialCode,MAT-00035
PI-000639,poNo,PO-000147
PI-000639,invoiceNo,INV-000168
PI-000639,amount,19353.72
PI-000640,prNo,PR-000138
PI-000640,materialCode,MAT-00021
PI-000640,amount,48586.44
PI-000641,prNo,PR-000139
PI-000641,materialCode,MAT-00029
PI-000641,amount,68835.11
PI-000642,prNo,PR-000139
PI-000642,poNo,PO-000148
PI-000642,amount,201826.52
PI-000642,supplierCode,SUP-007
PI-000643,poNo,PO-000148
PI-000643,grNo,GR-000188
PI-000643,materialCode,MAT-00029
PI-000644,poNo,PO-000148
PI-000644,invoiceNo,INV-000169
PI-000644,amount,200378.34
PI-000645,prNo,PR-000140
PI-000645,materialCode,MAT-00048
PI-000645,amount,89485.49
PI-000646,prNo,PR-000140
PI-000646,poNo,PO-000149
PI-000646,amount,102181.02
PI-000646,supplierCode,SUP-004
PI-000647,poNo,PO-000149
PI-000647,grNo,GR-000189
PI-000647,materialCode,MAT-00048
PI-000648,poNo,PO-000149
PI-000648,invoiceNo,INV-000170
PI-000648,amount,104078.99
PI-000649,prNo,PR-000141
PI-000649,materialCode,MAT-00002
PI-000649,amount,68951.54
PI-000650,prNo,PR-000141
PI-000650,poNo,PO-000150
PI-000650,amount,74998.52
PI-000650,supplierCode,SUP-008
PI-000651,poNo,PO-000150
PI-000651,grNo,GR-000190
PI-000651,materialCode,MAT-00002
PI-000652,poNo,PO-000150
PI-000652,invoiceNo,INV-000171
PI-000652,amount,75713.75
PI-000653,prNo,PR-000142
PI-000653,materialCode,MAT-00012
PI-000653,amount,19106.77
PI-000654,prNo,PR-000142
PI-000654,poNo,PO-000151
PI-000654,amount,179307.01
PI-000654,supplierCode,SUP-005
PI-000655,poNo,PO-000151
PI-000655,grNo,GR-000191
PI-000655,materialCode,MAT-00051
PI-000656,poNo,PO-000151
PI-000656,invoiceNo,INV-000172
PI-000656,amount,105621.94
PI-000657,poNo,PO-000151
PI-000657,invoiceNo,INV-000173
PI-000657,amount,72764.33
PI-000658,prNo,PR-000143
PI-000658,materialCode,MAT-00025
PI-000658,amount,812.37
PI-000659,prNo,PR-000143
PI-000659,poNo,PO-000152
PI-000659,amount,222239.07
PI-000659,supplierCode,SUP-011
PI-000660,poNo,PO-000152
PI-000660,grNo,GR-000192
PI-000660,materialCode,MAT-00022
PI-000661,poNo,PO-000152
PI-000661,invoiceNo,INV-000174
PI-000661,amount,225958.87
PI-000662,prNo,PR-000144
PI-000662,materialCode,MAT-00013
PI-000662,amount,109102.96
PI-000663,prNo,PR-000144
PI-000663,poNo,PO-000153
PI-000663,amount,31196.19
PI-000663,supplierCode,SUP-009
PI-000664,poNo,PO-000153
PI-000664,grNo,GR-000193
PI-000664,materialCode,MAT-00013
PI-000665,poNo,PO-000153
PI-000665,invoiceNo,INV-000175
PI-000665,amount,31178.35
PI-000666,prNo,PR-000145
PI-000666,materialCode,MAT-00043
PI-000666,amount,7480.2
PI-000667,prNo,PR-000145
PI-000667,poNo,PO-000154
PI-000667,amount,107681.28
PI-000667,supplierCode,SUP-003
PI-000668,poNo,PO-000154
PI-000668,grNo,GR-000194
PI-000668,materialCode,MAT-00035
PI-000669,poNo,PO-000154
PI-000669,invoiceNo,INV-000176
PI-000669,amount,109624.21
PI-000670,prNo,PR-000146
PI-000670,materialCode,MAT-00050
PI-000670,amount,57455.45
PI-000671,prNo,PR-000146
PI-000671,poNo,PO-000155
PI-000671,amount,38849.8
PI-000671,supplierCode,SUP-011
PI-000672,poNo,PO-000155
PI-000672,grNo,GR-000195
PI-000672,materialCode,MAT-00050
PI-000673,poNo,PO-000155
PI-000673,invoiceNo,INV-000177
PI-000673,amount,39245.47
PI-000674,prNo,PR-000147
PI-000674,materialCode,MAT-00021
PI-000674,amount,49061.49
PI-000675,prNo,PR-000147
PI-000675,poNo,PO-000156
PI-000675,amount,155746.28
PI-000675,supplierCode,SUP-009
PI-000676,poNo,PO-000156
PI-000676,grNo,GR-000196
PI-000676,materialCode,MAT-00025
PI-000677,poNo,PO-000156
PI-000677,grNo,GR-000197
PI-000677,materialCode,MAT-00025
PI-000678,poNo,PO-000156
PI-000678,invoiceNo,INV-000178
PI-000678,amount,154034.86
PI-000679,prNo,PR-000148
PI-000679,materialCode,MAT-00037
PI-000679,amount,2986.57
PI-000680,prNo,PR-000149
PI-000680,materialCode,MAT-00046
PI-000680,amount,1266.3
PI-000681,prNo,PR-000149
PI-000681,poNo,PO-000157
PI-000681,amount,102098.73
PI-000681,supplierCode,SUP-008
PI-000682,poNo,PO-000157
PI-000682,grNo,GR-000198
PI-000682,materialCode,MAT-00046
PI-000683,poNo,PO-000157
PI-000683,invoiceNo,INV-000179
PI-000683,amount,103105.85
PI-000684,prNo,PR-000150
PI-000684,materialCode,MAT-00059
PI-000684,amount,33362.74
PI-000685,prNo,PR-000150
PI-000685,poNo,PO-000158
PI-000685,amount,160592.0
PI-000685,supplierCode,SUP-009
PI-000686,poNo,PO-000158
PI-000686,grNo,GR-000199
PI-000686,materialCode,MAT-00059
PI-000687,poNo,PO-000158
PI-000687,invoiceNo,INV-000180
PI-000687,amount,157764.13
PI-000688,prNo,PR-000151
PI-000688,materialCode,MAT-00007
PI-000688,amount,47613.29
PI-000689,prNo,PR-000151
PI-000689,poNo,PO-000159
PI-000689,amount,1841.0
PI-000689,supplierCode,SUP-002
PI-000690,poNo,PO-000159
PI-000690,grNo,GR-000200
PI-000690,materialCode,MAT-00007
PI-000691,poNo,PO-000159
PI-000691,invoiceNo,INV-000181
PI-000691,amount,1853.52
PI-000692,prNo,PR-000152
PI-000692,materialCode,MAT-00060
PI-000692,amount,64125.17
PI-000693,prNo,PR-000152
PI-000693,poNo,PO-000160
PI-000693,amount,223474.03
PI-000693,supplierCode,SUP-006
PI-000694,poNo,PO-000160
PI-000694,grNo,GR-000201
PI-000694,materialCode,MAT-00060
PI-000695,poNo,PO-000160
PI-000695,invoiceNo,INV-000182
PI-000695,amount,222478.23
PI-000696,prNo,PR-000153
PI-000696,materialCode,MAT-00037
PI-000696,amount,35997.94
PI-000697,prNo,PR-000153
PI-000697,poNo,PO-000161
PI-000697,amount,5148.0
PI-000697,supplierCode,SUP-012
PI-000698,poNo,PO-000161
PI-000698,grNo,GR-000202
PI-000698,materialCode,MAT-00037
PI-000699,poNo,PO-000161
PI-000699,invoiceNo,INV-000183
PI-000699,amount,5065.4
PI-000700,prNo,PR-000154
PI-000700,materialCode,MAT-00019
PI-000700,amount,1032.01
PI-000701,prNo,PR-000154
PI-000701,poNo,PO-000162
PI-000701,amount,8273.28
PI-000701,supplierCode,SUP-001
PI-000702,poNo,PO-000162
PI-000702,grNo,GR-000203
PI-000702,materialCode,MAT-00019
PI-000703,poNo,PO-000162
PI-000703,invoiceNo,INV-000184
PI-000703,amount,8108.95
PI-000704,prNo,PR-000155
PI-000704,materialCode,MAT-00018
PI-000704,amount,57091.12
PI-000705,prNo,PR-000156
PI-000705,materialCode,MAT-00002
PI-000705,amount,7685.74
PI-000706,prNo,PR-000156
PI-000706,poNo,PO-000163
PI-000706,amount,129904.05
PI-000706,supplierCode,SUP-009
PI-000707,poNo,PO-000163
PI-000707,grNo,GR-000204
PI-000707,materialCode,MAT-00002
PI-000708,poNo,PO-000163
PI-000708,invoiceNo,INV-000185
PI-000708,amount,77376.09
PI-000709,poNo,PO-000163
PI-000709,invoiceNo,INV-000186
PI-000709,amount,51264.38
PI-000710,prNo,PR-000157
PI-000710,materialCode,MAT-00038
PI-000710,amount,33206.51
PI-000711,prNo,PR-000157
PI-000711,poNo,PO-000164
PI-000711,amount,25619.28
PI-000711,supplierCode,SUP-011
PI-000712,poNo,PO-000164
PI-000712,grNo,GR-000205
PI-000712,materialCode,MAT-00038
PI-000713,poNo,PO-000164
PI-000713,grNo,GR-000206
PI-000713,materialCode,MAT-00038
PI-000714,poNo,PO-000164
PI-000714,invoiceNo,INV-000187
PI-000714,amount,15451.01
PI-000715,poNo,PO-000164
PI-000715,invoiceNo,INV-000188
PI-000715,amount,10248.62
PI-000716,prNo,PR-000157
PI-000716,poNo,PO-000165
PI-000716,amount,71369.65
PI-000716,supplierCode,SUP-006
PI-000717,poNo,PO-000165
PI-000717,grNo,GR-000207
PI-000717,materialCode,MAT-00038
PI-000718,poNo,PO-000165
PI-000718,invoiceNo,INV-000189
PI-000718,amount,72611.25
PI-000719,prNo,PR-000158
PI-000719,materialCode,MAT-00028
PI-000719,amount,1216.2
PI-000720,prNo,PR-000158
PI-000720,poNo,PO-000166
PI-000720,amount,26657.8
PI-000720,supplierCode,SUP-007
PI-000721,poNo,PO-000166
PI-000721,grNo,GR-000208
PI-000721,materialCode,MAT-00028
PI-000722,poNo,PO-000166
PI-000722,invoiceNo,INV-000190
PI-000722,amount,26613.1
PI-000723,prNo,PR-000159
PI-000723,materialCode,MAT-00043
PI-000723,amount,3460.47
PI-000724,prNo,PR-000159
PI-000724,poNo,PO-000167
PI-000724,amount,61816.22
PI-000724,supplierCode,SUP-009
PI-000725,poNo,PO-000167
PI-000725,grNo,GR-000209
PI-000725,materialCode,MAT-00043
PI-000726,poNo,PO-000167
PI-000726,invoiceNo,INV-000191
PI-000726,amount,60877.38
PI-000727,prNo,PR-000160
PI-000727,materialCode,MAT-00027
PI-000727,amount,7989.35
PI-000728,prNo,PR-000160
PI-000728,poNo,PO-000168
PI-000728,amount,47874.84
PI-000728,supplierCode,SUP-004
PI-000729,poNo,PO-000168
PI-000729,grNo,GR-000210
PI-000729,materialCode,MAT-00027
PI-000730,poNo,PO-000168
PI-000730,invoiceNo,INV-000192
PI-000730,amount,48210.54
PI-000731,prNo,PR-000161
PI-000731,materialCode,MAT-00009
PI-000731,amount,19656.57
PI-000732,prNo,PR-000161
PI-000732,poNo,PO-000169
PI-000732,amount,75996.78
PI-000732,supplierCode,SUP-009
PI-000733,poNo,PO-000169
PI-000733,grNo,GR-000211
PI-000733,materialCode,MAT-00009
PI-000734,poNo,PO-000169
PI-000734,invoiceNo,INV-000193
PI-000734,amount,77188.38
PI-000735,prNo,PR-000162
PI-000735,materialCode,MAT-00026
PI-000735,amount,88678.77
PI-000736,prNo,PR-000162
PI-000736,poNo,PO-000170
PI-000736,amount,103745.88
PI-000736,supplierCode,SUP-012
PI-000737,poNo,PO-000170
PI-000737,grNo,GR-000212
PI-000737,materialCode,MAT-00021
PI-000738,poNo,PO-000170
PI-000738,invoiceNo,INV-000194
PI-000738,amount,104396.94
PI-000739,prNo,PR-000163
PI-000739,materialCode,MAT-00049
PI-000739,amount,63496.9
PI-000740,prNo,PR-000163
PI-000740,poNo,PO-000171
PI-000740,amount,100986.92
PI-000740,supplierCode,SUP-011
PI-000741,poNo,PO-000171
PI-000741,grNo,GR-000213
PI-000741,materialCode,MAT-00034
PI-000742,poNo,PO-000171
PI-000742,invoiceNo,INV-000195
PI-000742,amount,60004.5
PI-000743,poNo,PO-000171
PI-000743,invoiceNo,INV-000196
PI-000743,amount,40960.63
PI-000744,prNo,PR-000164
PI-000744,materialCode,MAT-00044
PI-000744,amount,115497.97
PI-000745,prNo,PR-000164
PI-000745,poNo,PO-000172
PI-000745,amount,60599.48
PI-000745,supplierCode,SUP-009
PI-000746,poNo,PO-000172
PI-000746,grNo,GR-000214
PI-000746,materialCode,MAT-00044
PI-000747,poNo,PO-000172
PI-000747,grNo,GR-000215
PI-000747,materialCode,MAT-00040
PI-000748,poNo,PO-000172
PI-000748,invoiceNo,INV-000197
PI-000748,amount,59582.63
PI-000749,prNo,PR-000165
PI-000749,materialCode,MAT-00035
PI-000749,amount,53015.22
PI-000750,prNo,PR-000165
PI-000750,poNo,PO-000173
PI-000750,amount,83116.76
PI-000750,supplierCode,SUP-003
PI-000751,poNo,PO-000173
PI-000751,grNo,GR-000216
PI-000751,materialCode,MAT-00030
PI-000752,poNo,PO-000173
PI-000752,grNo,GR-000217
PI-000752,materialCode,MAT-00044
PI-000753,poNo,PO-000173
PI-000753,invoiceNo,INV-000198
PI-000753,amount,83635.97
PI-000754,prNo,PR-000166
PI-000754,materialCode,MAT-00029
PI-000754,amount,27645.09
PI-000755,prNo,PR-000166
PI-000755,poNo,PO-000174
PI-000755,amount,40935.15
PI-000755,supplierCode,SUP-010
PI-000756,poNo,PO-000174
PI-000756,grNo,GR-000218
PI-000756,materialCode,MAT-00029
PI-000757,poNo,PO-000174
PI-000757,invoiceNo,INV-000199
PI-000757,amount,41509.24
PI-000758,prNo,PR-000167
PI-000758,materialCode,MAT-00039
PI-000758,amount,43942.56
PI-000759,prNo,PR-000167
PI-000759,poNo,PO-000175
PI-000759,amount,52676.0
PI-000759,supplierCode,SUP-012
PI-000760,poNo,PO-000175
PI-000760,grNo,GR-000219
PI-000760,materialCode,MAT-00015
PI-000761,poNo,PO-000175
PI-000761,grNo,GR-000220
PI-000761,materialCode,MAT-00039
PI-000762,poNo,PO-000175
PI-000762,invoiceNo,INV-000200
PI-000762,amount,53201.39
PI-000763,prNo,PR-000167
PI-000763,poNo,PO-000176
PI-000763,amount,20340.27
PI-000763,supplierCode,SUP-011
PI-000764,poNo,PO-000176
PI-000764,grNo,GR-000221
PI-000764,materialCode,MAT-00031
PI-000765,poNo,PO-000176
PI-000765,invoiceNo,INV-000201
PI-000765,amount,20200.44
PI-000766,prNo,PR-000168
PI-000766,materialCode,MAT-00014
PI-000766,amount,40993.11
PI-000767,prNo,PR-000168
PI-000767,poNo,PO-000177
PI-000767,amount,55366.65
PI-000767,supplierCode,SUP-012
PI-000768,poNo,PO-000177
PI-000768,grNo,GR-000222
PI-000768,materialCode,MAT-00003
PI-000769,poNo,PO-000177
PI-000769,invoiceNo,INV-000202
PI-000769,amount,55695.58
PI-000770,prNo,PR-000169
PI-000770,materialCode,MAT-00030
PI-000770,amount,84631.7
PI-000771,prNo,PR-000169
PI-000771,poNo,PO-000178
PI-000771,amount,44543.4
PI-000771,supplierCode,SUP-005
PI-000772,poNo,PO-000178
PI-000772,grNo,GR-000223
PI-000772,materialCode,MAT-00030
PI-000773,poNo,PO-000178
PI-000773,grNo,GR-000224
PI-000773,materialCode,MAT-00030
PI-000774,poNo,PO-000178
PI-000774,invoiceNo,INV-000203
PI-000774,amount,44706.55
PI-000775,prNo,PR-000170
PI-000775,materialCode,MAT-00005
PI-000775,amount,41201.06
PI-000776,prNo,PR-000170
PI-000776,poNo,PO-000179
PI-000776,amount,3180.21
PI-000776,supplierCode,SUP-003
PI-000777,poNo,PO-000179
PI-000777,grNo,GR-000225
PI-000777,materialCode,MAT-00005
PI-000778,poNo,PO-000179
PI-000778,invoiceNo,INV-000204
PI-000778,amount,3234.36
PI-000779,prNo,PR-000171
PI-000779,materialCode,MAT-00025
PI-000779,amount,34128.7
PI-000780,prNo,PR-000171
PI-000780,poNo,PO-000180
PI-000780,amount,2507.46
PI-000780,supplierCode,SUP-001
PI-000781,poNo,PO-000180
PI-000781,grNo,GR-000226
PI-000781,materialCode,MAT-00025
PI-000782,poNo,PO-000180
PI-000782,invoiceNo,INV-000205
PI-000782,amount,1498.86
PI-000783,poNo,PO-000180
PI-000783,invoiceNo,INV-000206
PI-000783,amount,1020.33
PI-000784,prNo,PR-000172
PI-000784,materialCode,MAT-00002
PI-000784,amount,28674.45
PI-000785,prNo,PR-000172
PI-000785,poNo,PO-000181
PI-000785,amount,259566.38
PI-000785,supplierCode,SUP-009
PI-000786,poNo,PO-000181
PI-000786,grNo,GR-000227
PI-000786,materialCode,MAT-00002
PI-000787,poNo,PO-000181
PI-000787,invoiceNo,INV-000207
PI-000787,amount,258948.61
PI-000788,prNo,PR-000173
PI-000788,materialCode,MAT-00058
PI-000788,amount,55164.96
PI-000789,prNo,PR-000173
PI-000789,poNo,PO-000182
PI-000789,amount,170837.82
PI-000789,supplierCode,SUP-011
PI-000790,poNo,PO-000182
PI-000790,grNo,GR-000228
PI-000790,materialCode,MAT-00032
PI-000791,poNo,PO-000182
PI-000791,grNo,GR-000229
PI-000791,materialCode,MAT-00058
PI-000792,poNo,PO-000182
PI-000792,invoiceNo,INV-000208
PI-000792,amount,103890.6
PI-000793,poNo,PO-000182
PI-000793,invoiceNo,INV-000209
PI-000793,amount,67922.45
PI-000794,prNo,PR-000174
PI-000794,materialCode,MAT-00006
PI-000794,amount,107626.67
PI-000795,prNo,PR-000174
PI-000795,poNo,PO-000183
PI-000795,amount,65525.85
PI-000795,supplierCode,SUP-012
PI-000796,poNo,PO-000183
PI-000796,grNo,GR-000230
PI-000796,materialCode,MAT-00023
PI-000797,poNo,PO-000183
PI-000797,invoiceNo,INV-000210
PI-000797,amount,64622.6
PI-000798,prNo,PR-000175
PI-000798,materialCode,MAT-00030
PI-000798,amount,1182.66
PI-000799,prNo,PR-000175
PI-000799,poNo,PO-000184
PI-000799,amount,16778.65
PI-000799,supplierCode,SUP-005
PI-000800,poNo,PO-000184
PI-000800,grNo,GR-000231
PI-000800,materialCode,MAT-00059
PI-000801,poNo,PO-000184
PI-000801,invoiceNo,INV-000211
PI-000801,amount,16705.05
PI-000802,prNo,PR-000175
PI-000802,poNo,PO-000185
PI-000802,amount,16305.52
PI-000802,supplierCode,SUP-006
PI-000803,poNo,PO-000185
PI-000803,grNo,GR-000232
PI-000803,materialCode,MAT-00030
PI-000804,poNo,PO-000185
PI-000804,invoiceNo,INV-000212
PI-000804,amount,16009.55
PI-000805,prNo,PR-000176
PI-000805,materialCode,MAT-00012
PI-000805,amount,10158.29
PI-000806,prNo,PR-000177
PI-000806,materialCode,MAT-00008
PI-000806,amount,4923.41
PI-000807,prNo,PR-000177
PI-000807,poNo,PO-000186
PI-000807,amount,88322.22
PI-000807,supplierCode,SUP-011
PI-000808,poNo,PO-000186
PI-000808,grNo,GR-000233
PI-000808,materialCode,MAT-00025
PI-000809,poNo,PO-000186
PI-000809,invoiceNo,INV-000213
PI-000809,amount,89554.17
PI-000810,prNo,PR-000178
PI-000810,materialCode,MAT-00060
PI-000810,amount,96844.37
PI-000811,prNo,PR-000178
PI-000811,poNo,PO-000187
PI-000811,amount,132121.52
PI-000811,supplierCode,SUP-010
PI-000812,poNo,PO-000187
PI-000812,grNo,GR-000234
PI-000812,materialCode,MAT-00051
PI-000813,poNo,PO-000187
PI-000813,invoiceNo,INV-000214
PI-000813,amount,131825.92
PI-000814,prNo,PR-000179
PI-000814,materialCode,MAT-00024
PI-000814,amount,16324.49
PI-000815,prNo,PR-000179
PI-000815,poNo,PO-000188
PI-000815,amount,87112.71
PI-000815,supplierCode,SUP-008
PI-000816,poNo,PO-000188
PI-000816,grNo,GR-000235
PI-000816,materialCode,MAT-00034
PI-000817,poNo,PO-000188
PI-000817,invoiceNo,INV-000215
PI-000817,amount,87822.49
PI-000818,prNo,PR-000180
PI-000818,materialCode,MAT-00054
PI-000818,amount,35508.9
PI-000819,prNo,PR-000180
PI-000819,poNo,PO-000189
PI-000819,amount,173544.67
PI-000819,supplierCode,SUP-011
PI-000820,poNo,PO-000189
PI-000820,grNo,GR-000236
PI-000820,materialCode,MAT-00031
PI-000821,poNo,PO-000189
PI-000821,grNo,GR-000237
PI-000821,materialCode,MAT-00017
PI-000822,poNo,PO-000189
PI-000822,invoiceNo,INV-000216
PI-000822,amount,175189.61
PI-000823,prNo,PR-000181
PI-000823,materialCode,MAT-00010
PI-000823,amount,47852.99
PI-000824,prNo,PR-000181
PI-000824,poNo,PO-000190
PI-000824,amount,98619.99
PI-000824,supplierCode,SUP-004
PI-000825,poNo,PO-000190
PI-000825,grNo,GR-000238
PI-000825,materialCode,MAT-00010
PI-000826,poNo,PO-000190
PI-000826,invoiceNo,INV-000217
PI-000826,amount,99357.97
PI-000827,prNo,PR-000182
PI-000827,materialCode,MAT-00058
PI-000827,amount,36072.08
PI-000828,prNo,PR-000182
PI-000828,poNo,PO-000191
PI-000828,amount,236269.77
PI-000828,supplierCode,SUP-011
PI-000829,poNo,PO-000191
PI-000829,grNo,GR-000239
PI-000829,materialCode,MAT-00020
PI-000830,poNo,PO-000191
PI-000830,invoiceNo,INV-000218
PI-000830,amount,238386.77
PI-000831,prNo,PR-000183
PI-000831,materialCode,MAT-00029
PI-000831,amount,7040.15
PI-000832,prNo,PR-000183
PI-000832,poNo,PO-000192
PI-000832,amount,36763.23
PI-000832,supplierCode,SUP-004
PI-000833,poNo,PO-000192
PI-000833,grNo,GR-000240
PI-000833,materialCode,MAT-00029
PI-000834,poNo,PO-000192
PI-000834,invoiceNo,INV-000219
PI-000834,amount,36068.4
PI-000835,prNo,PR-000183
PI-000835,poNo,PO-000193
PI-000835,amount,63312.66
PI-000835,supplierCode,SUP-002
PI-000836,poNo,PO-000193
PI-000836,grNo,GR-000241
PI-000836,materialCode,MAT-00029
PI-000837,poNo,PO-000193
PI-000837,grNo,GR-000242
PI-000837,materialCode,MAT-00029
PI-000838,poNo,PO-000193
PI-000838,invoiceNo,INV-000220
PI-000838,amount,38555.7
PI-000839,poNo,PO-000193
PI-000839,invoiceNo,INV-000221
PI-000839,amount,25439.98
PI-000840,prNo,PR-000184
PI-000840,materialCode,MAT-00019
PI-000840,amount,44488.6
PI-000841,prNo,PR-000184
PI-000841,poNo,PO-000194
PI-000841,amount,78415.58
PI-000841,supplierCode,SUP-008
PI-000842,poNo,PO-000194
PI-000842,grNo,GR-000243
PI-000842,materialCode,MAT-00019
PI-000843,poNo,PO-000194
PI-000843,grNo,GR-000244
PI-000843,materialCode,MAT-00019
PI-000844,poNo,PO-000194
PI-000844,invoiceNo,INV-000222
PI-000844,amount,79724.84
PI-000845,prNo,PR-000185
PI-000845,materialCode,MAT-00047
PI-000845,amount,109634.91
PI-000846,prNo,PR-000185
PI-000846,poNo,PO-000195
PI-000846,amount,7096.53
PI-000846,supplierCode,SUP-004
PI-000847,poNo,PO-000195
PI-000847,grNo,GR-000245
PI-000847,materialCode,MAT-00047
PI-000848,poNo,PO-000195
PI-000848,grNo,GR-000246
PI-000848,materialCode,MAT-00047
PI-000849,poNo,PO-000195
PI-000849,invoiceNo,INV-000223
PI-000849,amount,7083.53
PI-000850,prNo,PR-000186
PI-000850,materialCode,MAT-00060
PI-000850,amount,43254.65
PI-000851,prNo,PR-000186
PI-000851,poNo,PO-000196
PI-000851,amount,94391.77
PI-000851,supplierCode,SUP-003
PI-000852,poNo,PO-000196
PI-000852,grNo,GR-000247
PI-000852,materialCode,MAT-00060
PI-000853,poNo,PO-000196
PI-000853,grNo,GR-000248
PI-000853,materialCode,MAT-00060
PI-000854,poNo,PO-000196
PI-000854,invoiceNo,INV-000224
PI-000854,amount,94879.7
PI-000855,prNo,PR-000187
PI-000855,materialCode,MAT-00010
PI-000855,amount,6264.86
PI-000856,prNo,PR-000187
PI-000856,poNo,PO-000197
PI-000856,amount,18813.96
PI-000856,supplierCode,SUP-004
PI-000857,poNo,PO-000197
PI-000857,grNo,GR-000249
PI-000857,materialCode,MAT-00010
PI-000858,poNo,PO-000197
PI-000858,grNo,GR-000250
PI-000858,materialCode,MAT-00010
PI-000859,poNo,PO-000197
PI-000859,invoiceNo,INV-000225
PI-000859,amount,18468.07
PI-000860,prNo,PR-000187
PI-000860,poNo,PO-000198
PI-000860,amount,17952.24
PI-000860,supplierCode,SUP-011
PI-000861,poNo,PO-000198
PI-000861,grNo,GR-000251
PI-000861,materialCode,MAT-00010
PI-000862,poNo,PO-000198
PI-000862,invoiceNo,INV-000226
PI-000862,amount,18200.44
PI-000863,prNo,PR-000188
PI-000863,materialCode,MAT-00018
PI-000863,amount,19806.98
PI-000864,prNo,PR-000188
PI-000864,poNo,PO-000199
PI-000864,amount,237310.81
PI-000864,supplierCode,SUP-006
PI-000865,poNo,PO-000199
PI-000865,grNo,GR-000252
PI-000865,materialCode,MAT-00018
PI-000866,poNo,PO-000199
PI-000866,grNo,GR-000253
PI-000866,materialCode,MAT-00018
PI-000867,poNo,PO-000199
PI-000867,invoiceNo,INV-000227
PI-000867,amount,239835.52
PI-000868,prNo,PR-000189
PI-000868,materialCode,MAT-00028
PI-000868,amount,4864.77
PI-000869,prNo,PR-000189
PI-000869,poNo,PO-000200
PI-000869,amount,95205.92
PI-000869,supplierCode,SUP-004
PI-000870,poNo,PO-000200
PI-000870,grNo,GR-000254
PI-000870,materialCode,MAT-00028
PI-000871,poNo,PO-000200
PI-000871,invoiceNo,INV-000228
PI-000871,amount,93630.87
PI-000872,prNo,PR-000190
PI-000872,materialCode,MAT-00029
PI-000872,amount,746.15
PI-000873,prNo,PR-000190
PI-000873,poNo,PO-000201
PI-000873,amount,136864.74
PI-000873,supplierCode,SUP-008
PI-000874,poNo,PO-000201
PI-000874,grNo,GR-000255
PI-000874,materialCode,MAT-00015
PI-000875,poNo,PO-000201
PI-000875,invoiceNo,INV-000229
PI-000875,amount,137407.52
PI-000876,prNo,PR-000191
PI-000876,materialCode,MAT-00043
PI-000876,amount,7727.42
PI-000877,prNo,PR-000191
PI-000877,poNo,PO-000202
PI-000877,amount,27141.07
PI-000877,supplierCode,SUP-001
PI-000878,poNo,PO-000202
PI-000878,grNo,GR-000256
PI-000878,materialCode,MAT-00027
PI-000879,poNo,PO-000202
PI-000879,invoiceNo,INV-000230
PI-000879,amount,27082.46
PI-000880,prNo,PR-000192
PI-000880,materialCode,MAT-00027
PI-000880,amount,91815.44
PI-000881,prNo,PR-000192
PI-000881,poNo,PO-000203
PI-000881,amount,77105.68
PI-000881,supplierCode,SUP-009
PI-000882,poNo,PO-000203
PI-000882,grNo,GR-000257
PI-000882,materialCode,MAT-00027
PI-000883,poNo,PO-000203
PI-000883,invoiceNo,INV-000231
PI-000883,amount,76262.13
PI-000884,prNo,PR-000193
PI-000884,materialCode,MAT-00003
PI-000884,amount,115036.38
PI-000885,prNo,PR-000193
PI-000885,poNo,PO-000204
PI-000885,amount,104665.68
PI-000885,supplierCode,SUP-007
PI-000886,poNo,PO-000204
PI-000886,grNo,GR-000258
PI-000886,materialCode,MAT-00012
PI-000887,poNo,PO-000204
PI-000887,invoiceNo,INV-000232
PI-000887,amount,103400.18
PI-000888,prNo,PR-000194
PI-000888,materialCode,MAT-00036
PI-000888,amount,29401.78
PI-000889,prNo,PR-000194
PI-000889,poNo,PO-000205
PI-000889,amount,134850.05
PI-000889,supplierCode,SUP-005
PI-000890,poNo,PO-000205
PI-000890,grNo,GR-000259
PI-000890,materialCode,MAT-00020
PI-000891,poNo,PO-000205
PI-000891,invoiceNo,INV-000233
PI-000891,amount,136290.99
PI-000892,prNo,PR-000195
PI-000892,materialCode,MAT-00033
PI-000892,amount,2987.23
PI-000893,prNo,PR-000195
PI-000893,poNo,PO-000206
PI-000893,amount,80496.53
PI-000893,supplierCode,SUP-004
PI-000894,poNo,PO-000206
PI-000894,grNo,GR-000260
PI-000894,materialCode,MAT-00033
PI-000895,poNo,PO-000206
PI-000895,invoiceNo,INV-000234
PI-000895,amount,80570.31
PI-000896,prNo,PR-000196
PI-000896,materialCode,MAT-00051
PI-000896,amount,5402.65
PI-000897,prNo,PR-000196
PI-000897,poNo,PO-000207
PI-000897,amount,113295.91
PI-000897,supplierCode,SUP-001
PI-000898,poNo,PO-000207
PI-000898,grNo,GR-000261
PI-000898,materialCode,MAT-00037
PI-000899,poNo,PO-000207
PI-000899,invoiceNo,INV-000235
PI-000899,amount,111070.17
PI-000900,prNo,PR-000196
PI-000900,poNo,PO-000208
PI-000900,amount,13129.12
PI-000900,supplierCode,SUP-005
PI-000901,poNo,PO-000208
PI-000901,grNo,GR-000262
PI-000901,materialCode,MAT-00051
PI-000902,poNo,PO-000208
PI-000902,invoiceNo,INV-000236
PI-000902,amount,13030.94
PI-000903,prNo,PR-000197
PI-000903,materialCode,MAT-00021
PI-000903,amount,53705.3
PI-000904,prNo,PR-000197
PI-000904,poNo,PO-000209
PI-000904,amount,69027.21
PI-000904,supplierCode,SUP-012
PI-000905,poNo,PO-000209
PI-000905,grNo,GR-000263
PI-000905,materialCode,MAT-00021
PI-000906,poNo,PO-000209
PI-000906,invoiceNo,INV-000237
PI-000906,amount,42193.15
PI-000907,poNo,PO-000209
PI-000907,invoiceNo,INV-000238
PI-000907,amount,27902.14
PI-000908,prNo,PR-000197
PI-000908,poNo,PO-000210
PI-000908,amount,343480.14
PI-000908,supplierCode,SUP-006
PI-000909,poNo,PO-000210
PI-000909,grNo,GR-000264
PI-000909,materialCode,MAT-00040
PI-000910,poNo,PO-000210
PI-000910,invoiceNo,INV-000239
PI-000910,amount,337341.55
PI-000911,prNo,PR-000198
PI-000911,materialCode,MAT-00019
PI-000911,amount,64451.56
PI-000912,prNo,PR-000198
PI-000912,poNo,PO-000211
PI-000912,amount,170700.37
PI-000912,supplierCode,SUP-010
PI-000913,poNo,PO-000211
PI-000913,grNo,GR-000265
PI-000913,materialCode,MAT-00006
PI-000914,poNo,PO-000211
PI-000914,invoiceNo,INV-000240
PI-000914,amount,172358.93
PI-000915,prNo,PR-000199
PI-000915,materialCode,MAT-00028
PI-000915,amount,9506.64
PI-000916,prNo,PR-000199
PI-000916,poNo,PO-000212
PI-000916,amount,80123.61
PI-000916,supplierCode,SUP-004
PI-000917,poNo,PO-000212
PI-000917,grNo,GR-000266
PI-000917,materialCode,MAT-00032
PI-000918,poNo,PO-000212
PI-000918,grNo,GR-000267
PI-000918,materialCode,MAT-00037
PI-000919,poNo,PO-000212
PI-000919,invoiceNo,INV-000241
PI-000919,amount,79900.27
PI-000920,prNo,PR-000200
PI-000920,materialCode,MAT-00051
PI-000920,amount,3859.41
PI-000921,prNo,PR-000200
PI-000921,poNo,PO-000213
PI-000921,amount,1646.72
PI-000921,supplierCode,SUP-008
PI-000922,poNo,PO-000213
PI-000922,grNo,GR-000268
PI-000922,materialCode,MAT-00051
PI-000923,poNo,PO-000213
PI-000923,grNo,GR-000269
PI-000923,materialCode,MAT-00051
PI-000924,poNo,PO-000213
PI-000924,invoiceNo,INV-000242
PI-000924,amount,1646.41
